id,create_date,合同号,展位,商户名,订单号,收银单号,是否参加活动,价签金额,销售金额,应收金额,实收金额,抹零金额,折扣率,折扣金额,优惠券金额,优惠券数量,优惠券描述,商场,是否阶段订单
26504,2017-04-20,0,0,V6(浦江店),SO2017042000030428,P17042010093376351089,F,9000.0,9000.0,9000.0,9000.0,0.0,1.0,0,0,0,0,上海浦江商场,付全款
26505,2017-04-20,0,0,3M易清洁涂层(金桥店),SO2017042000030429,P17042010244890572634,F,3600.0,3600.0,3600.0,3600.0,0.0,1.0,0,0,0,0,上海金桥商场,付全款
26510,2017-04-20,0,0,AO史密斯热水器(金桥店),SO2017042000030434,P17042010484893452760,F,5028.0,5028.48,4988.0,4988.0,40.0,1.0,0,0,0,0,上海金桥商场,付全款
26511,2017-04-20,0,0,NATUZZI(吴中店),SO2017042000030435,P17042011092817864205,F,33600.0,33600.0,33600.0,33600.0,0.0,1.0,0,0,0,0,上海吴中路商场,付全款
26513,2017-04-20,0,0,方太(金桥店),SO2017042000030437,P17042010503954908231,F,21800.0,21800.0,21800.0,21800.0,0.0,1.0,0,0,0,0,上海金桥商场,付全款
26515,2017-04-20,0,0,凤铝(金桥店),SO2017042000030439,P17042010534964893051,F,17208.0,17208.0,17200.0,17200.0,8.0,1.0,0,0,0,0,上海金桥商场,付全款
26517,2017-04-20,0,0,中泰(金桥店),SO2017042000030441,P17042010563053874901,F,2020.0,2020.0,2000.0,2000.0,20.0,1.0,0,0,0,0,上海金桥商场,付全款
26519,2017-04-20,0,0,缤迪(吴中店),SO2017042000030443,P17042011072045310928,F,7000.0,7000.0,7000.0,7000.0,0.0,1.0,0,0,0,0,上海吴中路商场,付全款
26521,2017-04-20,0,0,波斯(金桥店),SO2017042000030444,P17042011290409781235,F,9979.0,9979.2,9979.2,9979.0,0.0,1.0,0,0,0,0,上海金桥商场,付全款
26522,2017-04-20,0,0,威廉小镇(浦江店),SO2017042000030445,P17042011364863021574,F,300270.0,300270.0,300200.0,300000.0,70.0,1.0,0,0,0,0,上海浦江商场,部分付款
26524,2017-04-20,0,0,汉斯格雅(金桥店),SO2017042000030446,P17042011260965718029,F,2320.0,2320.0,2320.0,2320.0,0.0,1.0,0,0,0,0,上海金桥商场,付全款
26525,2017-04-20,0,0,西达克(浦江店),SO2017042000030447,P17042011283997825014,F,4300.0,4300.0,4300.0,4300.0,0.0,1.0,0,0,0,0,上海浦江商场,付全款
26527,2017-04-20,0,0,精武盛世(浦江店),SO2017042000030448,P17042011351307182956,F,2800.0,2800.0,2800.0,2800.0,0.0,1.0,0,0,0,0,上海浦江商场,付全款
26528,2017-04-20,0,0,昆榕(金桥店),SO2017042000030449,P17042014151930618925,F,89770.0,44884.8,44800.0,40000.0,85.0,1.0,0,0,0,0,上海金桥商场,部分付款
26532,2017-04-20,0,0,Swissflex瑞福睡(吴中店),SO2017042000030453,P17042011405903571286,F,56616.0,56616.0,56616.0,56616.0,0.0,1.0,0,0,0,0,上海吴中路商场,付全款
26533,2017-04-20,0,0,美得丽(浦江店),SO2017042000030454,P17042011495561932475,F,7960.0,7960.0,7960.0,7960.0,0.0,1.0,0,0,0,0,上海浦江商场,付全款
26534,2017-04-20,0,0,班尔奇(吴中店),SO2017042000030455,P17042012202161705349,F,1014.0,1014.0,1000.0,1000.0,14.0,1.0,0,0,0,0,上海吴中路商场,付全款
26537,2017-04-20,0,0,光明(吴中店),SO2017042000030461,P17042012215059106274,F,1900.0,1900.0,1900.0,1900.0,0.0,1.0,0,0,0,0,上海吴中路商场,付全款
26541,2017-04-20,0,0,班尔奇(吴中店),SO2017042000030470,P17042012210379065143,F,16055.0,16055.0,16000.0,16000.0,55.0,1.0,0,0,0,0,上海吴中路商场,付全款
26544,2017-04-20,0,0,斯林百兰(金桥店),SO2017042000030482,P17042012291402756193,F,3300.0,3300.0,3300.0,3300.0,0.0,1.0,0,0,0,0,上海金桥商场,付全款
26549,2017-04-20,0,0,维维贝拉(吴中店),SO2017042000030490,P17042012425440721953,F,15100.0,15100.0,15100.0,15100.0,0.0,1.0,0,0,0,0,上海吴中路商场,付全款
26553,2017-04-20,0,0,奥普电器(浦江店),SO2017042000030495,P17042012565676182503,F,4379.0,4379.0,4379.0,4379.0,0.0,1.0,0,0,0,0,上海浦江商场,付全款
26565,2017-04-20,0,0,施耐德(金桥店),SO2017042000030543,P17042013373268457209,F,11068.0,11068.0,11000.0,11000.0,68.0,1.0,0,0,0,0,上海金桥商场,付全款
26576,2017-04-20,0,0,TOTO国产(金桥店),SO2017042000030630,P17042013442434980167,F,2515.0,2515.0,2515.0,2515.0,0.0,1.0,0,0,0,0,上海金桥商场,付全款
26577,2017-04-20,0,0,皇家布艺(吴中店),SO2017042000030631,P17042013500062345079,F,105500.0,105500.0,105500.0,105500.0,0.0,1.0,0,0,0,0,上海吴中路商场,付全款
26580,2017-04-20,0,0,老板(金桥店),SO2017042000030634,P17042014031598160735,F,8500.0,8500.0,8500.0,8500.0,0.0,1.0,0,0,0,0,上海金桥商场,付全款
26583,2017-04-20,0,0,顾家家居全皮沙发系列(金桥店),SO2017042000030637,P17042014204876894312,F,2697.0,2697.0,2697.0,2697.0,0.0,1.0,0,0,0,0,上海金桥商场,付全款
26585,2017-04-20,0,0,领绣(金桥店),SO2017042000030639,P17042014445891356027,T,2140.0,2140.0,1900.0,1900.0,40.0,1.0,0.0,200.0,1,测试满2000减200,上海金桥商场,付全款
26586,2017-04-20,0,0,美得丽(浦江店),SO2017042000030640,P17042014423578650213,F,7200.0,7200.0,7200.0,7200.0,0.0,1.0,0,0,0,0,上海浦江商场,付全款
26588,2017-04-20,0,0,固友(浦江商场),SO2017042000030642,P17042014462153461728,F,7000.0,7000.0,7000.0,7000.0,0.0,1.0,0,0,0,0,上海浦江商场,付全款
26591,2017-04-20,0,0,KD(吴中店),SO2017042000030645,P17042015032225760938,F,26628.0,26628.0,26576.0,26576.0,52.0,1.0,0,0,0,0,上海吴中路商场,付全款
26598,2017-04-20,0,0,欧派橱柜(金桥店),SO2017042000030652,P17042015054285319462,F,41982.0,41982.0,41982.0,41982.0,0.0,1.0,0,0,0,0,上海金桥商场,付全款
26600,2017-04-20,0,0,锦贸饰品(金桥店),SO2017042000030654,P17042016062115086342,F,12499.0,12499.0,12443.0,12443.0,56.0,1.0,0,0,0,0,上海金桥商场,付全款
26602,2017-04-20,0,0,TOTO国产(金桥店),SO2017042000030655,P17042015351015037492,F,2600.0,2600.0,2600.0,2600.0,0.0,1.0,0,0,0,0,上海金桥商场,付全款
26603,2017-04-20,0,0,布沙发系列(金桥店),SO2017042000030657,P17042016142346918230,F,154850.0,30970.0,30970.0,10970.0,0.0,1.0,0,0,0,0,上海金桥商场,部分付款
26606,2017-04-20,0,0,维维贝拉(吴中店),SO2017042000030660,P17042015523090721854,F,8140.0,8140.0,8140.0,8140.0,0.0,1.0,0,0,0,0,上海吴中路商场,付全款
26607,2017-04-20,0,0,杉叶和室(金桥店),SO2017042000030661,P17042015525221039476,F,1280.0,1280.0,1235.4,1235.0,45.0,1.0,0,0,0,0,上海金桥商场,付全款
26608,2017-04-20,0,0,南山铝业(金桥店),SO2017042000030662,P17042015504164912578,F,3584.0,3584.4,3580.0,3580.0,4.0,1.0,0,0,0,0,上海金桥商场,付全款
26610,2017-04-20,0,0,欧派移门衣柜(金桥店),SO2017042000030664,P17042015561914328697,F,19991.0,19991.0,19991.0,19991.0,0.0,1.0,0,0,0,0,上海金桥商场,付全款
26613,2017-04-20,0,0,科勒卫浴(金桥店),SO2017042000030667,P17042016383996532841,F,4075.0,4075.0,4075.0,4075.0,0.0,1.0,0,0,0,0,上海金桥商场,付全款
26614,2017-04-20,0,0,科勒卫浴(吴中店),SO2017042000030668,P17042016551972409536,F,660.0,660.0,660.0,660.0,0.0,1.0,0,0,0,0,上海吴中路商场,付全款
26615,2017-04-20,0,0,NATUZZI(吴中店),SO2017042000030669,P17042017431854673821,F,83300.0,83300.0,83300.0,83300.0,0.0,1.0,0,0,0,0,上海吴中路商场,付全款
26619,2017-04-20,0,0,RAYSONIC雷斯克(吴中店),SO2017042000030673,P17042018010287912304,F,34055.0,34054.8,34043.0,34043.0,12.0,1.0,0,0,0,0,上海吴中路商场,付全款
26620,2017-04-20,0,0,Masiero(吴中店),SO2017042000030674,P17042018420462453109,F,21420.0,21420.0,21420.0,21420.0,0.0,1.0,0,0,0,0,上海吴中路商场,付全款
26622,2017-04-20,0,0,劳达斯(吴中店),SO2017042000030676,P17042019215862109537,F,74.0,74.0,74.0,74.0,0.0,1.0,0,0,0,0,上海吴中路商场,付全款
26640,2017-04-21,0,0,杰西卡沙发(金桥店),SO2017042100030706,P17042114141339582640,F,17600.0,17600.01,17600.01,17600.0,0.0,1.0,0,0,0,0,上海金桥商场,付全款
26641,2017-04-21,0,0,头等舱贵族(金桥店),SO2017042100030707,P17042110344564175092,F,6050.0,6050.0,6050.0,6050.0,0.0,1.0,0,0,0,0,上海金桥商场,付全款
26642,2017-04-21,0,0,林内热水器(金桥店),SO2017042100030708,P17042110364650397186,F,6180.0,6180.0,6180.0,6180.0,0.0,1.0,0,0,0,0,上海金桥商场,付全款
26643,2017-04-21,0,0,林内热水器(金桥店),SO2017042100030709,P17042110401518976254,F,6880.0,6880.0,6880.0,6880.0,0.0,1.0,0,0,0,0,上海金桥商场,付全款
26644,2017-04-21,0,0,林内热水器(金桥店),SO2017042100030710,P17042110470345761093,F,1940.0,1940.0,1940.0,1940.0,0.0,1.0,0,0,0,0,上海金桥商场,付全款
26647,2017-04-21,0,0,PULASKI(金桥店),SO2017042100030714,P17042111072901386592,F,36228.0,36228.0,36200.0,36200.0,28.0,1.0,0,0,0,0,上海金桥商场,付全款
26648,2017-04-21,0,0,老板(金桥店),SO2017042100030715,P17042111053549073251,F,21900.0,21900.0,21900.0,21900.0,0.0,1.0,0,0,0,0,上海金桥商场,付全款
26649,2017-04-21,0,0,班尔奇(金桥店),SO2017042100030716,P17042113315523510974,F,28013.0,28013.4,28000.0,28000.0,13.0,1.0,0,0,0,0,上海金桥商场,付全款
26650,2017-04-21,0,0,班尔奇(金桥店),SO2017042100030717,P17042113333104835769,F,18010.0,18009.6,18000.0,18000.0,10.0,1.0,0,0,0,0,上海金桥商场,付全款
26651,2017-04-21,0,0,明清居(浦江商场),SO2017042100030718,P17042112033460271498,F,200000.0,200000.0,200000.0,200000.0,0.0,1.0,0,0,0,0,上海浦江商场,付全款
26652,2017-04-21,0,0,菲林格尔地板(金桥店),SO2017042100030719,P17042111242206473819,F,36210.0,36210.0,36210.0,32000.0,0.0,1.0,0,0,0,0,上海金桥商场,部分付款
26653,2017-04-21,0,0,和木之家(吴中店),SO2017042100030720,P17042111364667843025,F,252.0,252.0,252.0,252.0,0.0,1.0,0,0,0,0,上海吴中路商场,付全款
26654,2017-04-21,0,0,拉迷(金桥店),SO2017042100030721,P17042111371109672184,F,7841.0,7840.8,7800.0,7800.0,41.0,1.0,0,0,0,0,上海金桥商场,付全款
26655,2017-04-21,0,0,舒达·家(吴中店),SO2017042100030743,P17042111525460425791,F,12000.0,12000.0,12000.0,12000.0,0.0,1.0,0,0,0,0,上海吴中路商场,付全款
26660,2017-04-21,0,0,北欧阳光(金桥店),SO2017042100030749,P17042112185013625047,F,6272.0,6272.0,6272.0,6272.0,0.0,1.0,0,0,0,0,上海金桥商场,付全款
26661,2017-04-21,0,0,劳达斯(吴中店),SO2017042100030750,P17042112081059638210,F,1200.0,1200.0,1200.0,1200.0,0.0,1.0,0,0,0,0,上海吴中路商场,付全款
26663,2017-04-21,0,0,LOVE HOUSE 至优小屋(吴中店),SO2017042100030752,P17042112111585297403,F,25096.0,25096.22,25000.0,25000.0,96.0,1.0,0,0,0,0,上海吴中路商场,付全款
26664,2017-04-21,0,0,圣萝莎(金桥店),SO2017042100030753,P17042112153746795831,F,30638.0,30637.65,30637.65,30638.0,0.0,1.0,0,0,0,0,上海金桥商场,付全款
26665,2017-04-21,0,0,楷模(金桥店),SO2017042100030754,P17042112150202376594,F,86186.0,86186.19,86186.19,86186.0,0.0,1.0,0,0,0,0,上海金桥商场,付全款
26666,2017-04-21,0,0,熊猫电线(金桥店),SO2017042100030755,P17042112172645270386,F,5230.0,5230.0,5227.0,5227.0,3.0,1.0,0,0,0,0,上海金桥商场,付全款
26674,2017-04-21,0,0,菲斯曼暖通(浦江店),SO2017042100030763,P17042113091268129734,F,15750.0,15750.0,15750.0,15750.0,0.0,1.0,0,0,0,0,上海浦江商场,付全款
26675,2017-04-21,0,0,老板(金桥店),SO2017042100030764,P17042113000208291734,F,17000.0,17000.0,17000.0,17000.0,0.0,1.0,0,0,0,0,上海金桥商场,付全款
26677,2017-04-21,0,0,顾家家居全皮沙发系列(金桥店),SO2017042100030766,P17042113052914239680,F,10000.0,10000.0,10000.0,10000.0,0.0,1.0,0,0,0,0,上海金桥商场,付全款
26678,2017-04-21,0,0,迪瑞Dierre(吴中店),SO2017042100030767,P17042115025996308745,F,162.0,162.0,162.0,162.0,0.0,1.0,0,0,0,0,上海吴中路商场,付全款
26680,2017-04-21,0,0,印象北美(金桥店),SO2017042100030769,P17042113350731247650,F,50095.0,50094.99,50000.0,50000.0,95.0,1.0,0,0,0,0,上海金桥商场,付全款
26692,2017-04-21,0,0,樱花电器(金桥店),SO2017042100030781,P17042114120245837026,F,5600.0,5600.0,5600.0,5600.0,0.0,1.0,0,0,0,0,上海金桥商场,付全款
26693,2017-04-21,0,0,樱花电器(金桥店),SO2017042100030782,P17042114203826948317,F,2100.0,2100.0,2100.0,2100.0,0.0,1.0,0,0,0,0,上海金桥商场,付全款
26695,2017-04-21,0,0,樱花电器(金桥店),SO2017042100030784,P17042114244090235864,F,4580.0,4580.0,4580.0,4580.0,0.0,1.0,0,0,0,0,上海金桥商场,付全款
26697,2017-04-21,0,0,樱花电器(金桥店),SO2017042100030786,P17042114262237192684,F,4700.0,4700.0,4700.0,4700.0,0.0,1.0,0,0,0,0,上海金桥商场,付全款
26700,2017-04-21,0,0,恒隆(吴中店),SO2017042100030789,P17042114081012486759,F,100000.0,100000.0,100000.0,100000.0,0.0,1.0,0,0,0,0,上海吴中路商场,付全款
26701,2017-04-21,0,0,欧丹(浦江商场),SO2017042100030790,P17042114145960152937,F,4050.0,4050.0,4050.0,4050.0,0.0,1.0,0,0,0,0,上海浦江商场,付全款
26703,2017-04-21,0,0,樱花电器(金桥店),SO2017042100030792,P17042114273803578429,F,780.0,780.0,780.0,780.0,0.0,1.0,0,0,0,0,上海金桥商场,付全款
26704,2017-04-21,0,0,爱丽舍(金桥店),SO2017042100030793,P17042114174529631508,F,500.0,500.0,500.0,500.0,0.0,1.0,0,0,0,0,上海金桥商场,付全款
26707,2017-04-21,0,0,北O世家(浦江店),SO2017042100030796,P17042114212619480635,F,100055.0,100054.5,100000.0,100000.0,55.0,1.0,0,0,0,0,上海浦江商场,付全款
26708,2017-04-21,0,0,老板(金桥店),SO2017042100030797,P17042114224756307924,F,6099.0,6099.0,6099.0,6099.0,0.0,1.0,0,0,0,0,上海金桥商场,付全款
26710,2017-04-21,0,0,维维贝拉(吴中店),SO2017042100030799,P17042114490941967038,F,9500.0,9500.0,9500.0,9500.0,0.0,1.0,0,0,0,0,上海吴中路商场,付全款
26711,2017-04-21,0,0,富球晾衣架(金桥店),SO2017042100030800,P17042114474869208534,F,49000.0,49000.0,49000.0,49000.0,0.0,1.0,0,0,0,0,上海金桥商场,付全款
26718,2017-04-21,0,0,摩恩(浦江店),SO2017042100030807,P17042115252306291583,F,1988.0,1988.0,1988.0,1988.0,0.0,1.0,0,0,0,0,上海浦江商场,付全款
26720,2017-04-21,0,0,玫瑰岛(吴中店),SO2017042100030809,P17042116092002583946,F,52699.0,52699.2,52668.0,52668.0,31.0,1.0,0,0,0,0,上海吴中路商场,付全款
26722,2017-04-21,0,0,优莱斯雅(金桥店),SO2017042100030811,P17042115520387435692,F,3350.0,3350.0,3350.0,3350.0,0.0,1.0,0,0,0,0,上海金桥商场,付全款
26724,2017-04-21,0,0,AO史密斯热水器(金桥店),SO2017042100030813,P17042116534164972803,F,7659.0,7658.88,7628.0,7628.0,31.0,1.0,0,0,0,0,上海金桥商场,付全款
26726,2017-04-21,0,0,AO史密斯热水器(金桥店),SO2017042100030815,P17042116005367014258,F,6996.0,6996.48,6938.0,6938.0,58.0,1.0,0,0,0,0,上海金桥商场,付全款
26730,2017-04-21,0,0,头等舱贵族(金桥店),SO2017042100030818,P17042116300634297158,F,12580.0,12580.0,12580.0,12580.0,0.0,1.0,0,0,0,0,上海金桥商场,付全款
26732,2017-04-21,0,0,意迪森(吴中店),SO2017042100030819,P17042117052993512876,F,17500.0,17500.0,17500.0,17500.0,0.0,1.0,0,0,0,0,上海吴中路商场,付全款
26733,2017-04-21,0,0,斯堪维亚(吴中店),SO2017042100030820,P17042117032352490873,F,22047.0,22047.0,22047.0,22047.0,0.0,1.0,0,0,0,0,上海吴中路商场,付全款
26739,2017-04-21,0,0,夏图Chateau d.Ax(吴中店),SO2017042100030826,P17042117320298234701,F,47000.0,47000.0,47000.0,47000.0,0.0,1.0,0,0,0,0,上海吴中路商场,付全款
26740,2017-04-21,0,0,摩地纳(金桥店),SO2017042100030827,P17042117355047201596,F,6000.0,6000.0,6000.0,6000.0,0.0,1.0,0,0,0,0,上海金桥商场,付全款
26741,2017-04-21,0,0,金蝉(金桥店),SO2017042100030828,P17042117381805489721,F,8046.0,8046.0,8000.0,3000.0,46.0,1.0,0,0,0,0,上海金桥商场,部分付款
26742,2017-04-21,0,0,欧郡壹号(金桥店),SO2017042100030829,P17042117510101632749,F,30046.0,30045.6,30000.0,30000.0,46.0,1.0,0,0,0,0,上海金桥商场,付全款
26744,2017-04-21,0,0,班尔奇(吴中店),SO2017042100030831,P17042118350636890172,F,15503.0,15503.4,15500.0,15500.0,3.0,1.0,0,0,0,0,上海吴中路商场,付全款
26752,2017-04-22,0,0,柏逸轩(金桥店),SO2017042200030839,P17042210052349038125,F,84726.0,84726.0,84726.0,84726.0,0.0,1.0,0,0,0,0,上海金桥商场,付全款
26754,2017-04-22,0,0,洗依世家(金桥店),SO2017042200030841,P17042210182063295018,F,2900.0,2900.0,2900.0,2900.0,0.0,1.0,0,0,0,0,上海金桥商场,付全款
26755,2017-04-22,0,0,BBR(金桥店),SO2017042200030844,P17042210265729654378,F,2161.0,2161.0,2161.0,2161.0,0.0,1.0,0,0,0,0,上海金桥商场,付全款
26756,2017-04-22,0,0,班尔奇(吴中店),SO2017042200030845,P17042210220008672439,F,135.0,135.2,131.0,131.0,4.0,1.0,0,0,0,0,上海吴中路商场,付全款
26757,2017-04-22,0,0,BBR(金桥店),SO2017042200030846,P17042210292178091652,F,2851.0,2851.0,2851.0,2851.0,0.0,1.0,0,0,0,0,上海金桥商场,付全款
26759,2017-04-22,0,0,BBR(金桥店),SO2017042200030848,P17042210364823987561,F,3649.0,3649.0,3649.0,3649.0,0.0,1.0,0,0,0,0,上海金桥商场,付全款
26760,2017-04-22,0,0,乌金木系列(金桥店),SO2017042200030849,P17042210423610569328,T,8900.0,8900.0,8000.0,8000.0,10.0,0.9,890.0,0.0,0,品牌先折成交价后商场再降5%,上海金桥商场,付全款
26761,2017-04-22,0,0,旭格(吴中店),SO2017042200030850,P17042210503451490387,F,29096.0,29095.92,29000.0,29000.0,96.0,1.0,0,0,0,0,上海吴中路商场,付全款
26762,2017-04-22,0,0,索菲亚移门衣柜(吴中店),SO2017042200030851,P17042210454002567983,F,1000.0,1000.0,1000.0,1000.0,0.0,1.0,0,0,0,0,上海吴中路商场,付全款
26764,2017-04-22,0,0,天楽康(吴中店),SO2017042200030853,P17042211033480436752,F,25004.0,25004.0,25000.0,25000.0,4.0,1.0,0,0,0,0,上海吴中路商场,付全款
26767,2017-04-22,0,0,阿里斯顿暖通(金桥店),SO2017042200030856,P17042316202230276954,F,3402.0,3402.0,3400.0,3400.0,2.0,1.0,0,0,0,0,上海金桥商场,付全款
26768,2017-04-22,0,0,美郡(金桥店),SO2017042200030857,P17042212124091586240,T,168977.0,88951.5,80000.0,80000.0,56.0,0.9,8895.15,0.0,0,品牌先折成交价后商场再降5%,上海金桥商场,付全款
26769,2017-04-22,0,0,迈阿密(金桥店),SO2017042200030860,P17042211092216859047,F,3800.0,3800.0,3800.0,3800.0,0.0,1.0,0,0,0,0,上海金桥商场,付全款
26773,2017-04-22,0,0,美郡(金桥店),SO2017042200030864,P17042212242226975418,T,520173.0,133364.3,120000.0,120000.0,28.0,0.9,13336.43,0.0,0,品牌先折成交价后商场再降5%,上海金桥商场,付全款
26776,2017-04-22,0,0,美郡(金桥店),SO2017042200030867,P17042212153301932745,T,161354.0,55657.5,50000.0,50000.0,92.0,0.9,5565.75,0.0,0,品牌先折成交价后商场再降5%,上海金桥商场,付全款
26779,2017-04-22,0,0,美得丽(浦江店),SO2017042200030870,P17042211253340257389,F,1000.0,1000.0,1000.0,1000.0,0.0,1.0,0,0,0,0,上海浦江商场,付全款
26780,2017-04-22,0,0,BBR(金桥店),SO2017042200030871,P17042211304139541827,F,3699.0,3699.0,3699.0,3699.0,0.0,1.0,0,0,0,0,上海金桥商场,付全款
26781,2017-04-22,0,0,BBR(金桥店),SO2017042200030872,P17042211321892517463,F,15876.0,15876.0,15876.0,15876.0,0.0,1.0,0,0,0,0,上海金桥商场,付全款
26782,2017-04-22,0,0,泰昌阳光(金桥店),SO2017042200030873,P17042211380748721506,F,1045.0,1045.0,1000.0,1000.0,45.0,1.0,0,0,0,0,上海金桥商场,付全款
26783,2017-04-22,0,0,泰昌阳光(金桥店),SO2017042200030874,P17042211393509218753,F,17052.0,17052.0,17000.0,17000.0,52.0,1.0,0,0,0,0,上海金桥商场,付全款
26784,2017-04-22,0,0,德国维盾(金桥店),SO2017042200030875,P17042211522621598063,F,26006.0,26006.4,26000.0,26000.0,6.0,1.0,0,0,0,0,上海金桥商场,付全款
26785,2017-04-22,0,0,BBR(金桥店),SO2017042200030876,P17042211411407692835,F,4250.0,4250.0,4250.0,4250.0,0.0,1.0,0,0,0,0,上海金桥商场,付全款
26786,2017-04-22,0,0,北欧艺家(吴中店),SO2017042200030877,P17042211543350269178,F,8000.0,8000.0,8000.0,8000.0,0.0,1.0,0,0,0,0,上海吴中路商场,付全款
26787,2017-04-22,0,0,科勒橱柜(金桥店),SO2017042200030878,P17042211514893807164,F,500000.0,500000.0,500000.0,500000.0,0.0,1.0,0,0,0,0,上海金桥商场,付全款
26788,2017-04-22,0,0,申强凡尔赛(金桥店),SO2017042200030879,P17042212404654713208,F,40000.0,40000.0,40000.0,40000.0,0.0,1.0,0,0,0,0,上海金桥商场,付全款
26789,2017-04-22,0,0,NATUZZI(吴中店),SO2017042200030880,P17042212461903642195,F,52900.0,52900.0,52900.0,52900.0,0.0,1.0,0,0,0,0,上海吴中路商场,付全款
26790,2017-04-22,0,0,SMANIA(吴中店),SO2017042200030881,P17042213401463078195,F,60274.0,60274.26,60274.26,60274.0,0.0,1.0,0,0,0,0,上海吴中路商场,付全款
26792,2017-04-22,0,0,hülsta(吴中店),SO2017042200030883,P17042213393221756834,F,72535.0,72535.47,72535.47,72535.0,0.0,1.0,0,0,0,0,上海吴中路商场,付全款
26793,2017-04-22,0,0,哥伦比尼(金桥店),SO2017042200030884,P17042212315902153487,F,13000.0,13000.0,13000.0,13000.0,0.0,1.0,0,0,0,0,上海金桥商场,付全款
26794,2017-04-22,0,0,科勒卫浴(金桥店),SO2017042200030885,P17042212395465049382,F,1452.0,1452.0,1452.0,1452.0,0.0,1.0,0,0,0,0,上海金桥商场,付全款
26795,2017-04-22,0,0,司米(金桥店),SO2017042200030886,P17042213114645019782,T,12460.0,12460.0,11190.0,11190.0,24.0,0.9,1246.0,0.0,0,品牌先折成交价后商场再降10%,上海金桥商场,付全款
26796,2017-04-22,0,0,哥伦比尼(金桥店),SO2017042200030887,P17042212550142861539,F,2040.0,2040.0,2040.0,2040.0,0.0,1.0,0,0,0,0,上海金桥商场,付全款
26797,2017-04-22,0,0,洗依世家(浦江店),SO2017042200030888,P17042213090190456721,F,4800.0,4800.0,4800.0,4800.0,0.0,1.0,0,0,0,0,上海浦江商场,付全款
26799,2017-04-22,0,0,金禾(金桥店),SO2017042200030890,P17042213224837654129,T,22300.0,22300.0,20000.0,20000.0,70.0,0.9,2230.0,0.0,0,品牌先折成交价后商场再降10%,上海金桥商场,付全款
26801,2017-04-22,0,0,诗尼曼(金桥店),SO2017042200030892,P17042213282987965140,F,3673.0,3673.0,3673.0,3673.0,0.0,1.0,0,0,0,0,上海金桥商场,付全款
26802,2017-04-22,0,0,蓝蓝部落(金桥店),SO2017042200030893,P17042213240079568243,F,8250.0,8250.0,8250.0,8250.0,0.0,1.0,0,0,0,0,上海金桥商场,付全款
26803,2017-04-22,0,0,林内(浦江店),SO2017042200030894,P17042213234535486912,F,4600.0,4600.0,4600.0,4600.0,0.0,1.0,0,0,0,0,上海浦江商场,付全款
26804,2017-04-22,0,0,斯林百兰(浦江商场),SO2017042200030895,P17042311414807158942,F,2000.0,2000.0,2000.0,2000.0,0.0,1.0,0,0,0,0,上海浦江商场,付全款
26805,2017-04-22,0,0,杰西卡沙发(金桥店),SO2017042200030896,P17042213393894836715,F,8100.0,8100.0,8100.0,8100.0,0.0,1.0,0,0,0,0,上海金桥商场,付全款
26806,2017-04-22,0,0,RUGIANO(吴中店),SO2017042200030897,P17042213404451472693,F,75607.0,75606.95,75606.95,75607.0,0.0,1.0,0,0,0,0,上海吴中路商场,付全款
26809,2017-04-22,0,0,老板(金桥店),SO2017042200030914,P17042213562656809143,F,1900.0,1900.0,1900.0,1900.0,0.0,1.0,0,0,0,0,上海金桥商场,付全款
26810,2017-04-22,0,0,波比(金桥店),SO2017042200030915,P17042214183283691720,T,77661.0,25887.0,23298.0,23298.0,0.0,0.9,2588.7,0.0,0,品牌先折成交价后商场再降10%,上海金桥商场,付全款
26811,2017-04-22,0,0,索菲亚移门衣柜(吴中店),SO2017042200030916,P17042214053586912350,F,2760.0,2760.0,2760.0,2760.0,0.0,1.0,0,0,0,0,上海吴中路商场,付全款
26812,2017-04-22,0,0,法迪奥(金桥店),SO2017042200030918,P17042214255448251309,T,25900.0,25900.0,23310.0,23310.0,0.0,0.9,2590.0,0.0,0,品牌先折成交价后商场再降10%,上海金桥商场,付全款
26813,2017-04-22,0,0,欧琳橱柜(金桥店),SO2017042200030919,P17042214145884265703,T,12897.0,12897.0,11600.0,11600.0,7.0,0.9,1289.7,0.0,0,品牌先折成交价后商场再降10%,上海金桥商场,付全款
26814,2017-04-22,0,0,TOTO国产(金桥店),SO2017042200030920,P17042214164569437215,F,980.0,980.0,980.0,980.0,0.0,1.0,0,0,0,0,上海金桥商场,付全款
26815,2017-04-22,0,0,坚美(金桥店),SO2017042200030921,P17042214485813958206,T,11113.0,11113.2,10000.0,10000.0,2.0,0.9,1111.32,0.0,0,品牌先折成交价后商场再降10%,上海金桥商场,付全款
26816,2017-04-22,0,0,法迪奥(金桥店),SO2017042200030922,P17042214273294765031,T,26270.0,26270.0,23643.0,23643.0,0.0,0.9,2627.0,0.0,0,品牌先折成交价后商场再降10%,上海金桥商场,付全款
26818,2017-04-22,0,0,舒达·家(浦江店),SO2017042200030925,P17042214234862450837,F,13686.0,6843.0,6843.0,6356.0,0.0,1.0,0,0,0,0,上海浦江商场,部分付款
26820,2017-04-22,0,0,法迪奥(金桥店),SO2017042200030926,P17042214282660473952,T,28476.0,28476.0,25600.0,25600.0,28.0,0.9,2847.6,0.0,0,品牌先折成交价后商场再降10%,上海金桥商场,付全款
26821,2017-04-22,0,0,头等舱贵族(浦江商场),SO2017042200030927,P17042214302961870932,F,8640.0,2880.0,2880.0,1200.0,0.0,1.0,0,0,0,0,上海浦江商场,部分付款
26822,2017-04-22,0,0,日立(吴中店),SO2017042200030928,P17042214322959647380,F,5250.0,5250.0,5250.0,5250.0,0.0,1.0,0,0,0,0,上海吴中路商场,付全款
26823,2017-04-22,0,0,爱丽舍(金桥店),SO2017042200030929,P17042215035727915360,T,55620.0,55620.0,50000.0,50000.0,58.0,0.9,5562.0,0.0,0,品牌先折成交价后商场再降10%,上海金桥商场,付全款
26824,2017-04-22,0,0,摩恩(浦江店),SO2017042200030930,P17042214331376408251,F,1216.0,1216.0,1200.0,1200.0,16.0,1.0,0,0,0,0,上海浦江商场,付全款
26825,2017-04-22,0,0,得高(吴中店),SO2017042200030931,P17042214575563857902,F,54632.0,54632.31,54631.65,54632.0,1.0,1.0,0,0,0,0,上海吴中路商场,付全款
26826,2017-04-22,0,0,永吉(浦江商场),SO2017042200030932,P17042214421674021369,F,8250.0,8250.0,8250.0,8250.0,0.0,1.0,0,0,0,0,上海浦江商场,付全款
26827,2017-04-22,0,0,唯煌(金桥店),SO2017042200030933,P17042214472606492781,T,11700.0,11700.0,10500.0,10500.0,30.0,0.9,1170.0,0.0,0,品牌先折成交价后商场再降10%,上海金桥商场,付全款
26829,2017-04-22,0,0,欧琳橱柜(金桥店),SO2017042200030935,P17042215245963902548,T,22260.0,22260.0,20000.0,20000.0,34.0,0.9,2226.0,0.0,0,品牌先折成交价后商场再降10%,上海金桥商场,付全款
26830,2017-04-22,0,0,爱丽舍(金桥店),SO2017042200030936,P17042215192601692487,T,55640.0,55640.0,50000.0,50000.0,76.0,0.9,5564.0,0.0,0,品牌先折成交价后商场再降10%,上海金桥商场,付全款
26831,2017-04-22,0,0,奥普电器(浦江店),SO2017042200030937,P17042214453289273061,F,440.0,440.0,440.0,440.0,0.0,1.0,0,0,0,0,上海浦江商场,付全款
26832,2017-04-22,0,0,大自然软床床垫(金桥店),SO2017042200030938,P17042214475376435820,F,15260.0,15260.0,15260.0,15260.0,0.0,1.0,0,0,0,0,上海金桥商场,付全款
26833,2017-04-22,0,0,皮尔萨(金桥店),SO2017042200030939,P17042216185751824306,F,3000.0,3000.0,3000.0,3000.0,0.0,1.0,0,0,0,0,上海金桥商场,付全款
26835,2017-04-22,0,0,爱丽舍(金桥店),SO2017042200030941,P17042215214348253176,T,22310.0,22310.0,20000.0,20000.0,79.0,0.9,2231.0,0.0,0,品牌先折成交价后商场再降10%,上海金桥商场,付全款
26836,2017-04-22,0,0,金禾(金桥店),SO2017042200030942,P17042214593565743028,T,22600.0,22600.0,20300.0,20300.0,40.0,0.9,2260.0,0.0,0,品牌先折成交价后商场再降10%,上海金桥商场,付全款
26837,2017-04-22,0,0,皮尔萨(金桥店),SO2017042200030943,P17042216243948210359,F,3000.0,3000.0,3000.0,3000.0,0.0,1.0,0,0,0,0,上海金桥商场,付全款
26838,2017-04-22,0,0,爱丽舍(金桥店),SO2017042200030944,P17042215230410932846,T,22310.0,22310.0,20000.0,20000.0,79.0,0.9,2231.0,0.0,0,品牌先折成交价后商场再降10%,上海金桥商场,付全款
26839,2017-04-22,0,0,皮尔萨(金桥店),SO2017042200030945,P17042216263885321064,F,3000.0,3000.0,3000.0,3000.0,0.0,1.0,0,0,0,0,上海金桥商场,付全款
26840,2017-04-22,0,0,皮尔萨(金桥店),SO2017042200030946,P17042216275285143970,F,3000.0,3000.0,3000.0,3000.0,0.0,1.0,0,0,0,0,上海金桥商场,付全款
26841,2017-04-22,0,0,皮尔萨(金桥店),SO2017042200030947,P17042216343565827130,F,3000.0,3000.0,3000.0,3000.0,0.0,1.0,0,0,0,0,上海金桥商场,付全款
26842,2017-04-22,0,0,爱丽舍(金桥店),SO2017042200030948,P17042215240064058379,T,11150.0,11150.0,10000.0,10000.0,35.0,0.9,1115.0,0.0,0,品牌先折成交价后商场再降10%,上海金桥商场,付全款
26843,2017-04-22,0,0,皮尔萨(金桥店),SO2017042200030949,P17042216382325914680,F,3000.0,3000.0,3000.0,3000.0,0.0,1.0,0,0,0,0,上海金桥商场,付全款
26844,2017-04-22,0,0,皮尔萨(金桥店),SO2017042200030950,P17042216402715608249,F,3000.0,3000.0,3000.0,3000.0,0.0,1.0,0,0,0,0,上海金桥商场,付全款
26845,2017-04-22,0,0,皮尔萨(金桥店),SO2017042200030951,P17042216413815703428,F,3000.0,3000.0,3000.0,3000.0,0.0,1.0,0,0,0,0,上海金桥商场,付全款
26846,2017-04-22,0,0,哥伦比尼(金桥店),SO2017042200030952,P17042215021778034912,F,7999.0,7999.0,7999.0,7999.0,0.0,1.0,0,0,0,0,上海金桥商场,付全款
26847,2017-04-22,0,0,皮尔萨(金桥店),SO2017042200030953,P17042216424663217958,F,3000.0,3000.0,3000.0,3000.0,0.0,1.0,0,0,0,0,上海金桥商场,付全款
26850,2017-04-22,0,0,皮尔萨(金桥店),SO2017042200030956,P17042216443061407953,F,3000.0,3000.0,3000.0,3000.0,0.0,1.0,0,0,0,0,上海金桥商场,付全款
26855,2017-04-22,0,0,盼盼安全门(金桥店),SO2017042200030961,P17042215152081503672,F,4627.0,4626.8,4560.0,4560.0,67.0,1.0,0,0,0,0,上海金桥商场,付全款
26857,2017-04-22,0,0,BBR(金桥店),SO2017042200030963,P17042215195291705382,F,17310.0,17310.0,17309.0,17309.0,1.0,1.0,0,0,0,0,上海金桥商场,付全款
26864,2017-04-22,0,0,班尔奇(吴中店),SO2017042200030970,P17042215310356174938,F,6912.0,6912.0,6868.0,6868.0,44.0,1.0,0,0,0,0,上海吴中路商场,付全款
26865,2017-04-22,0,0,皮尔萨(金桥店),SO2017042200030971,P17042216453410269387,F,2000.0,2000.0,2000.0,2000.0,0.0,1.0,0,0,0,0,上海金桥商场,付全款
26866,2017-04-22,0,0,0769(金桥店),SO2017042200030972,P17042215361923785941,T,29857.0,15714.0,14142.6,14143.0,0.0,0.9,1571.4,0.0,0,品牌先折成交价后商场再降10%,上海金桥商场,付全款
26867,2017-04-22,0,0,皮尔萨(金桥店),SO2017042200030973,P17042216462894056271,F,2000.0,2000.0,2000.0,2000.0,0.0,1.0,0,0,0,0,上海金桥商场,付全款
26868,2017-04-22,0,0,皮尔萨(金桥店),SO2017042200030974,P17042216472983251479,F,2000.0,2000.0,2000.0,2000.0,0.0,1.0,0,0,0,0,上海金桥商场,付全款
26869,2017-04-22,0,0,皮尔萨(金桥店),SO2017042200030975,P17042216483036287941,F,2000.0,2000.0,2000.0,2000.0,0.0,1.0,0,0,0,0,上海金桥商场,付全款
26870,2017-04-22,0,0,皮尔萨(金桥店),SO2017042200030976,P17042216493380569374,F,2000.0,2000.0,2000.0,2000.0,0.0,1.0,0,0,0,0,上海金桥商场,付全款
26871,2017-04-22,0,0,皮尔萨(金桥店),SO2017042200030977,P17042216504050672148,F,2000.0,2000.0,2000.0,2000.0,0.0,1.0,0,0,0,0,上海金桥商场,付全款
26872,2017-04-22,0,0,盼盼安全门(金桥店),SO2017042200030978,P17042215365227840593,F,6790.0,6789.6,6760.0,6760.0,30.0,1.0,0,0,0,0,上海金桥商场,付全款
26873,2017-04-22,0,0,皮尔萨(金桥店),SO2017042200030979,P17042216513703917452,F,2000.0,2000.0,2000.0,2000.0,0.0,1.0,0,0,0,0,上海金桥商场,付全款
26874,2017-04-22,0,0,皮尔萨(金桥店),SO2017042200030980,P17042216523327549830,F,2000.0,2000.0,2000.0,2000.0,0.0,1.0,0,0,0,0,上海金桥商场,付全款
26875,2017-04-22,0,0,司米(金桥店),SO2017042200030981,P17042215381009164725,T,11120.0,11120.0,10000.0,10000.0,8.0,0.9,1112.0,0.0,0,品牌先折成交价后商场再降10%,上海金桥商场,付全款
26876,2017-04-22,0,0,皮尔萨(金桥店),SO2017042200030982,P17042216533676830294,F,2000.0,2000.0,2000.0,2000.0,0.0,1.0,0,0,0,0,上海金桥商场,付全款
26877,2017-04-22,0,0,皮尔萨(金桥店),SO2017042200030983,P17042216544065092847,F,2000.0,2000.0,2000.0,2000.0,0.0,1.0,0,0,0,0,上海金桥商场,付全款
26878,2017-04-22,0,0,TOTO国产(金桥店),SO2017042200030984,P17042215401890421786,F,5950.0,5950.0,5950.0,5950.0,0.0,1.0,0,0,0,0,上海金桥商场,付全款
26879,2017-04-22,0,0,皮尔萨(金桥店),SO2017042200030985,P17042216561792843076,F,1000.0,1000.0,1000.0,1000.0,0.0,1.0,0,0,0,0,上海金桥商场,付全款
26880,2017-04-22,0,0,爱舒(金桥店),SO2017042200030986,P17042215494330875619,F,11660.0,11660.0,11660.0,11660.0,0.0,1.0,0,0,0,0,上海金桥商场,付全款
26881,2017-04-22,0,0,皮尔萨(金桥店),SO2017042200030987,P17042216572935281670,F,1000.0,1000.0,1000.0,1000.0,0.0,1.0,0,0,0,0,上海金桥商场,付全款
26882,2017-04-22,0,0,皮尔萨(金桥店),SO2017042200030988,P17042216582847586209,F,1000.0,1000.0,1000.0,1000.0,0.0,1.0,0,0,0,0,上海金桥商场,付全款
26883,2017-04-22,0,0,皮尔萨(金桥店),SO2017042200030989,P17042216593618954072,F,1000.0,1000.0,1000.0,1000.0,0.0,1.0,0,0,0,0,上海金桥商场,付全款
26884,2017-04-22,0,0,皮尔萨(金桥店),SO2017042200030990,P17042217004042793501,F,1000.0,1000.0,1000.0,1000.0,0.0,1.0,0,0,0,0,上海金桥商场,付全款
26886,2017-04-22,0,0,皮尔萨(金桥店),SO2017042200030992,P17042217013313865092,F,1000.0,1000.0,1000.0,1000.0,0.0,1.0,0,0,0,0,上海金桥商场,付全款
26889,2017-04-22,0,0,皮尔萨(金桥店),SO2017042200030995,P17042217023454109786,F,1000.0,1000.0,1000.0,1000.0,0.0,1.0,0,0,0,0,上海金桥商场,付全款
26891,2017-04-22,0,0,哥伦比尼(吴中店),SO2017042200030997,P17042215521732647108,F,2841.0,2841.42,2800.0,2800.0,41.0,1.0,0,0,0,0,上海吴中路商场,付全款
26892,2017-04-22,0,0,头等舱贵族(浦江商场),SO2017042200030998,P17042217000926018739,F,7850.0,7850.0,7850.0,7800.0,0.0,1.0,0,0,0,0,上海浦江商场,部分付款
26894,2017-04-22,0,0,艾绿(金桥店),SO2017042200031000,P17042215535427951483,T,11007.0,11007.0,9906.0,9906.0,0.0,0.9,1100.7,0.0,0,品牌先折成交价后商场再降10%,上海金桥商场,付全款
26895,2017-04-22,0,0,奥普电器(金桥店),SO2017042200031001,P17042215530486940257,F,3934.0,3934.4,3934.0,3934.0,0.0,1.0,0,0,0,0,上海金桥商场,付全款
26896,2017-04-22,0,0,北欧阳光(金桥店),SO2017042200031002,P17042215552471352908,F,13063.0,13063.0,13063.0,13063.0,0.0,1.0,0,0,0,0,上海金桥商场,付全款
26897,2017-04-22,0,0,LOVE HOUSE 至优小屋(吴中店),SO2017042200031003,P17042216000554073628,F,15500.0,15500.0,15500.0,15500.0,0.0,1.0,0,0,0,0,上海吴中路商场,付全款
26898,2017-04-22,0,0,0769(金桥店),SO2017042200031004,P17042216073887546293,T,25446.0,25446.0,22900.0,22900.0,1.0,0.9,2544.6,0.0,0,品牌先折成交价后商场再降10%,上海金桥商场,付全款
26899,2017-04-22,0,0,希尔巴赫(吴中店),SO2017042200031005,P17042216021350387421,F,10000.0,10000.0,10000.0,10000.0,0.0,1.0,0,0,0,0,上海吴中路商场,付全款
26900,2017-04-22,0,0,科勒卫浴(金桥店),SO2017042200031006,P17042216004841703598,F,1679.0,1679.0,1679.0,1679.0,0.0,1.0,0,0,0,0,上海金桥商场,付全款
26901,2017-04-22,0,0,金可儿(金桥店),SO2017042200031007,P17042216035228347096,F,11850.0,11850.0,11850.0,11850.0,0.0,1.0,0,0,0,0,上海金桥商场,付全款
26903,2017-04-22,0,0,乐家（国产）(金桥店),SO2017042200031009,P17042216335935864017,F,100000.0,50000.0,50000.0,50000.0,0.0,1.0,0,0,0,0,上海金桥商场,付全款
26904,2017-04-22,0,0,WOODONE沃达王(吴中店),SO2017042200031010,P17042216113125186307,F,2000.0,2000.0,2000.0,2000.0,0.0,1.0,0,0,0,0,上海吴中路商场,付全款
26905,2017-04-22,0,0,洗依世家(金桥店),SO2017042200031011,P17042216220026935087,F,2800.0,2800.0,2800.0,2800.0,0.0,1.0,0,0,0,0,上海金桥商场,付全款
26912,2017-04-22,0,0,BBR(金桥店),SO2017042200031018,P17042216292214980762,F,28513.0,28513.0,28513.0,28513.0,0.0,1.0,0,0,0,0,上海金桥商场,付全款
26915,2017-04-22,0,0,索菲亚移门衣柜(吴中店),SO2017042200031021,P17042216292347921506,F,500.0,500.0,500.0,500.0,0.0,1.0,0,0,0,0,上海吴中路商场,付全款
26917,2017-04-22,0,0,0769(金桥店),SO2017042200031023,P17042216360358169432,T,14880.0,14880.0,13300.0,13300.0,92.0,0.9,1488.0,0.0,0,品牌先折成交价后商场再降10%,上海金桥商场,付全款
26919,2017-04-22,0,0,科勒卫浴(金桥店),SO2017042200031025,P17042216402809235846,F,2600.0,2600.0,2600.0,2600.0,0.0,1.0,0,0,0,0,上海金桥商场,付全款
26921,2017-04-22,0,0,迈阿密(金桥店),SO2017042200031026,P17042216525292081746,F,26000.0,26000.0,26000.0,26000.0,0.0,1.0,0,0,0,0,上海金桥商场,付全款
26922,2017-04-22,0,0,日立(吴中店),SO2017042200031027,P17042216571157328910,F,33000.0,33000.0,33000.0,33000.0,0.0,1.0,0,0,0,0,上海吴中路商场,付全款
26923,2017-04-22,0,0,科勒卫浴(金桥店),SO2017042200031028,P17042216533416835270,T,9690.0,9690.0,8720.0,8720.0,1.0,0.9,969.0,0.0,0,品牌先折成交价后商场再降10%,上海金桥商场,付全款
26924,2017-04-22,0,0,Perfect Night(金桥店),SO2017042200031029,P17042216552803597821,F,10279.0,10279.0,10279.0,10279.0,0.0,1.0,0,0,0,0,上海金桥商场,付全款
26926,2017-04-22,0,0,头等舱贵族(金桥店),SO2017042200031031,P17042217113279062314,F,4600.0,4600.0,4600.0,4600.0,0.0,1.0,0,0,0,0,上海金桥商场,付全款
26928,2017-04-22,0,0,冠军(金桥店),SO2017042200031033,P17042217024775204916,F,14025.0,14024.92,14000.0,14000.0,25.0,1.0,0,0,0,0,上海金桥商场,付全款
26929,2017-04-22,0,0,BBR(金桥店),SO2017042200031034,P17042217012740652839,F,6244.0,6244.0,6244.0,6244.0,0.0,1.0,0,0,0,0,上海金桥商场,付全款
26930,2017-04-22,0,0,意多(金桥店),SO2017042200031035,P17042216593154602791,F,2000.0,2000.0,2000.0,2000.0,0.0,1.0,0,0,0,0,上海金桥商场,付全款
26931,2017-04-22,0,0,希尔巴赫(吴中店),SO2017042200031036,P17042217001852140796,F,40000.0,40000.0,40000.0,40000.0,0.0,1.0,0,0,0,0,上海吴中路商场,付全款
26932,2017-04-22,0,0,银晶洁具(金桥店),SO2017042200031037,P17042217040776580241,F,2600.0,2600.0,2600.0,2600.0,0.0,1.0,0,0,0,0,上海金桥商场,付全款
26933,2017-04-22,0,0,柔然(浦江店),SO2017042200031038,P17042217040240216597,F,2043.0,2043.3,2000.0,2000.0,43.0,1.0,0,0,0,0,上海浦江商场,付全款
26935,2017-04-22,0,0,怡口(金桥店),SO2017042200031039,P17042217130718925603,F,3600.0,3600.0,3600.0,3600.0,0.0,1.0,0,0,0,0,上海金桥商场,付全款
26936,2017-04-22,0,0,哥伦比尼(金桥店),SO2017042200031040,P17042217172943189657,F,8300.0,8300.0,8300.0,8300.0,0.0,1.0,0,0,0,0,上海金桥商场,付全款
26937,2017-04-22,0,0,索菲亚移门衣柜(浦江店),SO2017042200031041,P17042217163075614820,F,1019.0,1019.0,1000.0,1000.0,19.0,1.0,0,0,0,0,上海浦江商场,付全款
26938,2017-04-22,0,0,乐家（国产）(金桥店),SO2017042200031042,P17042218121415490287,T,55556.0,55556.0,50000.0,50000.0,0.0,0.9,5555.6,0.0,0,品牌先折成交价后商场再降10%,上海金桥商场,付全款
26942,2017-04-22,0,0,TOTO国产(金桥店),SO2017042200031046,P17042217375895308672,F,1000.0,1000.0,1000.0,1000.0,0.0,1.0,0,0,0,0,上海金桥商场,付全款
26943,2017-04-22,0,0,WOODONE沃达王(吴中店),SO2017042200031047,P17042217323021504869,F,2000.0,2000.0,2000.0,2000.0,0.0,1.0,0,0,0,0,上海吴中路商场,付全款
26944,2017-04-22,0,0,NATUZZI(吴中店),SO2017042200031048,P17042217340173940861,F,12700.0,12700.0,12700.0,12700.0,0.0,1.0,0,0,0,0,上海吴中路商场,付全款
26945,2017-04-22,0,0,AS壁纸(金桥店),SO2017042200031049,P17042217341897801362,F,2679.0,2679.0,2624.2,2624.0,55.0,1.0,0,0,0,0,上海金桥商场,付全款
26946,2017-04-22,0,0,得高(金桥店),SO2017042200031050,P17042217335951680723,F,3484.0,3484.0,3484.0,3484.0,0.0,1.0,0,0,0,0,上海金桥商场,付全款
26947,2017-04-22,0,0,冠军(金桥店),SO2017042200031051,P17042217352881495370,F,1310.0,1310.02,1280.0,1280.0,30.0,1.0,0,0,0,0,上海金桥商场,付全款
26948,2017-04-22,0,0,舒达·家(吴中店),SO2017042200031052,P17042217451746570819,F,8279.0,8279.0,8279.0,8279.0,0.0,1.0,0,0,0,0,上海吴中路商场,付全款
26949,2017-04-22,0,0,班尔奇(吴中店),SO2017042200031053,P17042217383779603145,F,21463.0,21463.0,21451.0,21451.0,12.0,1.0,0,0,0,0,上海吴中路商场,付全款
26950,2017-04-22,0,0,柏歌(浦江店),SO2017042200031054,P17042217380262705831,F,62000.0,31000.0,31000.0,31000.0,0.0,1.0,0,0,0,0,上海浦江商场,付全款
26951,2017-04-22,0,0,头等舱贵族(浦江商场),SO2017042200031055,P17042217350732617489,F,2880.0,2880.0,2880.0,1599.0,0.0,1.0,0,0,0,0,上海浦江商场,部分付款
26952,2017-04-22,0,0,美居乐(金桥店),SO2017042200031056,P17042217412260124973,F,1002.0,1002.25,1000.01,1000.0,2.0,1.0,0,0,0,0,上海金桥商场,付全款
26953,2017-04-22,0,0,哥伦比尼(金桥店),SO2017042200031057,P17042217430674382159,F,2898.0,2898.0,2898.0,2898.0,0.0,1.0,0,0,0,0,上海金桥商场,付全款
26954,2017-04-22,0,0,TOTO国产(金桥店),SO2017042200031058,P17042217391529741386,F,18180.0,18180.0,18180.0,18180.0,0.0,1.0,0,0,0,0,上海金桥商场,付全款
26955,2017-04-22,0,0,皮尔萨(浦江商场),SO2017042200031059,P17042217453590816257,F,2040.0,2039.7,2000.0,2000.0,40.0,1.0,0,0,0,0,上海浦江商场,付全款
26956,2017-04-22,0,0,头等舱贵族(浦江商场),SO2017042200031060,P17042217424981576429,F,2880.0,2880.0,2880.0,1599.0,0.0,1.0,0,0,0,0,上海浦江商场,部分付款
26957,2017-04-22,0,0,头等舱贵族(浦江商场),SO2017042200031061,P17042217444402175498,F,2880.0,2880.0,2880.0,1599.0,0.0,1.0,0,0,0,0,上海浦江商场,部分付款
26960,2017-04-22,0,0,恒隆(吴中店),SO2017042200031065,P17042217511309648123,F,7450.0,7450.0,7450.0,7450.0,0.0,1.0,0,0,0,0,上海吴中路商场,付全款
26961,2017-04-22,0,0,唯宝(吴中店),SO2017042200031068,P17042217570898340526,F,35804.0,35803.6,35803.6,35804.0,0.0,1.0,0,0,0,0,上海吴中路商场,付全款
26962,2017-04-22,0,0,朗乐福（Long Life Basics）(吴中店),SO2017042200031069,P17042218123714082365,F,6980.0,6980.0,6980.0,6980.0,0.0,1.0,0,0,0,0,上海吴中路商场,付全款
26963,2017-04-22,0,0,头等舱贵族(吴中店),SO2017042200031070,P17042217584054107236,F,2000.0,2000.0,2000.0,2000.0,0.0,1.0,0,0,0,0,上海吴中路商场,付全款
26964,2017-04-22,0,0,印象北美(金桥店),SO2017042200031071,P17042218024839152806,F,14500.0,14500.0,14500.0,14500.0,0.0,1.0,0,0,0,0,上海金桥商场,付全款
26965,2017-04-22,0,0,哥伦比尼(金桥店),SO2017042200031072,P17042218071838972154,F,9706.0,9706.47,9700.0,9700.0,6.0,1.0,0,0,0,0,上海金桥商场,付全款
26967,2017-04-22,0,0,印象北美(金桥店),SO2017042200031074,P17042218231985341720,F,12400.0,6200.0,6200.0,6200.0,0.0,1.0,0,0,0,0,上海金桥商场,付全款
26968,2017-04-22,0,0,哥伦比尼(吴中店),SO2017042200031075,P17042218213472153460,F,3438.0,3437.8,3426.0,3426.0,12.0,1.0,0,0,0,0,上海吴中路商场,付全款
26969,2017-04-22,0,0,席梦思(金桥店),SO2017042200031076,P17042218263837520469,F,15300.0,15300.0,15300.0,15300.0,0.0,1.0,0,0,0,0,上海金桥商场,付全款
26970,2017-04-22,0,0,意迪森(吴中店),SO2017042200031093,P17042218362123718450,F,19900.0,19900.0,19900.0,19900.0,0.0,1.0,0,0,0,0,上海吴中路商场,付全款
26972,2017-04-22,0,0,Masiero(吴中店),SO2017042200031095,P17042218524919570426,F,5000.0,5000.0,5000.0,5000.0,0.0,1.0,0,0,0,0,上海吴中路商场,付全款
26973,2017-04-22,0,0,益可美(吴中店),SO2017042200031096,P17042218560195246018,F,1046.0,1046.0,1045.0,1045.0,1.0,1.0,0,0,0,0,上海吴中路商场,付全款
26976,2017-04-22,0,0,康堤花园(吴中店),SO2017042200031099,P17042218583131754068,F,4040.0,4040.0,4000.0,4000.0,40.0,1.0,0,0,0,0,上海吴中路商场,付全款
26977,2017-04-22,0,0,索菲亚移门衣柜(吴中店),SO2017042200031100,P17042219125729164073,F,2100.0,2100.0,2100.0,2100.0,0.0,1.0,0,0,0,0,上海吴中路商场,付全款
26978,2017-04-22,0,0,班尔奇(吴中店),SO2017042200031101,P17042219175620386957,F,24066.0,24065.6,24000.0,24000.0,66.0,1.0,0,0,0,0,上海吴中路商场,付全款
26979,2017-04-22,0,0,益可美(吴中店),SO2017042200031102,P17042219455513462579,F,1578.0,1578.0,1577.0,1577.0,1.0,1.0,0,0,0,0,上海吴中路商场,付全款
26987,2017-04-23,0,0,楷模(金桥店),SO2017042300031110,P17042310181698471036,F,1900.0,1900.0,1900.0,1900.0,0.0,1.0,0,0,0,0,上海金桥商场,付全款
26988,2017-04-23,0,0,楷模(金桥店),SO2017042300031111,P17042310193268412370,F,3600.0,3600.0,3600.0,3600.0,0.0,1.0,0,0,0,0,上海金桥商场,付全款
26989,2017-04-23,0,0,NATUZZI(吴中店),SO2017042300031112,P17042310053071985320,F,32700.0,32700.0,32700.0,32700.0,0.0,1.0,0,0,0,0,上海吴中路商场,付全款
26991,2017-04-23,0,0,世友地板(金桥店),SO2017042300031114,P17042310154071845930,T,40850.0,40850.0,36734.0,36734.0,31.0,0.9,4085.0,0.0,0,品牌先折成交价后商场再降10%,上海金桥商场,付全款
26992,2017-04-23,0,0,双山(金桥店),SO2017042300031115,P17042310211781942065,F,7000.0,7000.0,7000.0,7000.0,0.0,1.0,0,0,0,0,上海金桥商场,付全款
26993,2017-04-23,0,0,波比(金桥店),SO2017042300031116,P17042315173692138674,T,7778.0,7778.0,7000.0,7000.0,0.0,0.9,777.8,0.0,0,品牌先折成交价后商场再降10%,上海金桥商场,付全款
26994,2017-04-23,0,0,班尔奇(浦江店),SO2017042300031117,P17042310250837201649,F,30561.0,30560.9,30500.0,30500.0,61.0,1.0,0,0,0,0,上海浦江商场,付全款
26997,2017-04-23,0,0,磐筑堂榻榻米(吴中店),SO2017042300031120,P17042310411754639810,F,13000.0,13000.0,13000.0,13000.0,0.0,1.0,0,0,0,0,上海吴中路商场,付全款
26998,2017-04-23,0,0,欧乐顿(金桥店),SO2017042300031121,P17042310424487461530,F,9000.0,9000.0,9000.0,9000.0,0.0,1.0,0,0,0,0,上海金桥商场,付全款
26999,2017-04-23,0,0,欧乐顿(金桥店),SO2017042300031122,P17042310415102896145,F,5001.0,5000.6,5000.0,5000.0,1.0,1.0,0,0,0,0,上海金桥商场,付全款
27000,2017-04-23,0,0,波比(金桥店),SO2017042300031123,P17042310451543058762,T,4376.0,4376.0,3938.0,3938.0,0.0,0.9,437.6,0.0,0,品牌先折成交价后商场再降10%,上海金桥商场,付全款
27001,2017-04-23,0,0,创开(金桥店),SO2017042300031124,P17042310490229745031,F,208.0,208.32,200.0,200.0,8.0,1.0,0,0,0,0,上海金桥商场,付全款
27002,2017-04-23,0,0,梵克美筑(金桥店),SO2017042300031125,P17042310500698451723,F,6188.0,6188.0,6188.0,6188.0,0.0,1.0,0,0,0,0,上海金桥商场,付全款
27003,2017-04-23,0,0,伊美和室(金桥店),SO2017042300031126,P17042310464829813607,F,18060.0,18060.0,18000.0,18000.0,60.0,1.0,0,0,0,0,上海金桥商场,付全款
27004,2017-04-23,0,0,三台(金桥店),SO2017042300031127,P17042310571687340169,T,52710.0,52709.8,50000.0,50000.0,74.0,0.95,2635.49,0.0,0,1000元装修基金专享抵用券,上海金桥商场,付全款
27005,2017-04-23,0,0,美得丽(浦江店),SO2017042300031128,P17042310552473509812,F,30740.0,30740.0,30740.0,30740.0,0.0,1.0,0,0,0,0,上海浦江商场,付全款
27006,2017-04-23,0,0,帅丰(金桥店),SO2017042300031129,P17042311011792057384,F,14100.0,14100.0,14100.0,14100.0,0.0,1.0,0,0,0,0,上海金桥商场,付全款
27008,2017-04-23,0,0,科勒卫浴(金桥店),SO2017042300031131,P17042311075071530426,T,3833.0,3833.0,3449.0,3449.0,1.0,0.9,383.3,0.0,0,品牌先折成交价后商场再降10%,上海金桥商场,付全款
27011,2017-04-23,0,0,左右情景客厅(金桥店),SO2017042300031134,P17042311141984729613,F,100056.0,100056.0,100000.0,100000.0,56.0,1.0,0,0,0,0,上海金桥商场,付全款
27012,2017-04-23,0,0,海尔橱柜(金桥店),SO2017042300031135,P17042311165627093814,F,43198.0,43197.6,43180.0,43180.0,18.0,1.0,0,0,0,0,上海金桥商场,付全款
27013,2017-04-23,0,0,拉迷(金桥店),SO2017042300031136,P17042311153126375190,F,3065.0,3065.16,3060.0,3060.0,5.0,1.0,0,0,0,0,上海金桥商场,付全款
27014,2017-04-23,0,0,哥伦比尼(金桥店),SO2017042300031137,P17042311331135874216,F,9000.0,9000.45,9000.0,9000.0,0.0,1.0,0,0,0,0,上海金桥商场,付全款
27016,2017-04-23,0,0,意迪森(吴中店),SO2017042300031141,P17042311333058406179,F,8600.0,8600.0,8600.0,8600.0,0.0,1.0,0,0,0,0,上海吴中路商场,付全款
27017,2017-04-23,0,0,NATUZZI(吴中店),SO2017042300031142,P17042311381480951634,F,1060.0,1060.0,1060.0,1060.0,0.0,1.0,0,0,0,0,上海吴中路商场,付全款
27018,2017-04-23,0,0,洗依世家(金桥店),SO2017042300031143,P17042311424962403598,F,1656.0,1656.0,1656.0,1656.0,0.0,1.0,0,0,0,0,上海金桥商场,付全款
27020,2017-04-23,0,0,林内热水器(金桥店),SO2017042300031146,P17042312115341829607,F,5300.0,5300.0,5300.0,5300.0,0.0,1.0,0,0,0,0,上海金桥商场,付全款
27021,2017-04-23,0,0,顾家家居布艺沙发系列(金桥店),SO2017042300031148,P17042311442575864210,T,6971.0,6970.6,6225.0,6225.0,49.0,0.9,697.06,0.0,0,品牌先折成交价后商场再降10%,上海金桥商场,付全款
27022,2017-04-23,0,0,顾家家居全皮沙发系列(金桥店),SO2017042300031149,P17042311485996738140,F,19000.0,19000.0,19000.0,19000.0,0.0,1.0,0,0,0,0,上海金桥商场,付全款
27024,2017-04-23,0,0,科勒卫浴(金桥店),SO2017042300031151,P17042311465234209165,T,6286.0,6286.0,5657.0,5657.0,0.0,0.9,628.6,0.0,0,品牌先折成交价后商场再降10%,上海金桥商场,付全款
27025,2017-04-23,0,0,蒙娜丽莎瓷砖(金桥店),SO2017042300031152,P17042314311619546382,T,35160.0,35160.0,31600.0,31600.0,44.0,0.9,3516.0,0.0,0,品牌先折成交价后商场再降10%,上海金桥商场,付全款
27026,2017-04-23,0,0,欧琳橱柜(金桥店),SO2017042300031153,P17042314254921896057,T,44460.0,44460.0,40000.0,40000.0,14.0,0.9,4446.0,0.0,0,品牌先折成交价后商场再降10%,上海金桥商场,付全款
27028,2017-04-23,0,0,斯林百兰(金桥店),SO2017042300031155,P17042311581713670285,F,15225.0,15225.01,15225.01,15225.0,0.0,1.0,0,0,0,0,上海金桥商场,付全款
27029,2017-04-23,0,0,富球晾衣架(金桥店),SO2017042300031156,P17042312002408154763,F,2100.0,2100.0,2100.0,2100.0,0.0,1.0,0,0,0,0,上海金桥商场,付全款
27030,2017-04-23,0,0,世友木门(金桥店),SO2017042300031157,P17042312241994076531,T,55598.0,55598.4,50000.0,50000.0,39.0,0.9,5559.84,0.0,0,品牌先折成交价后商场再降10%,上海金桥商场,付全款
27031,2017-04-23,0,0,世友木门(金桥店),SO2017042300031158,P17042312251759174603,T,22311.0,22310.8,20000.0,20000.0,80.0,0.9,2231.08,0.0,0,品牌先折成交价后商场再降10%,上海金桥商场,付全款
27032,2017-04-23,0,0,科勒卫浴(吴中店),SO2017042300031159,P17042312084570965128,F,58800.0,58800.0,58800.0,58800.0,0.0,1.0,0,0,0,0,上海吴中路商场,付全款
27034,2017-04-23,0,0,3D床垫(金桥店),SO2017042300031161,P17042312384932461970,T,28575.0,28575.0,25717.0,25717.0,1.0,0.9,2857.5,0.0,0,品牌先折成交价后商场再降10%,上海金桥商场,付全款
27035,2017-04-23,0,0,头等舱贵族(金桥店),SO2017042300031162,P17042312284315798230,F,2499.0,2499.0,2499.0,2499.0,0.0,1.0,0,0,0,0,上海金桥商场,付全款
27036,2017-04-23,0,0,3D床垫(金桥店),SO2017042300031163,P17042312393997850321,T,33920.0,33920.0,30528.0,30528.0,0.0,0.9,3392.0,0.0,0,品牌先折成交价后商场再降10%,上海金桥商场,付全款
27037,2017-04-23,0,0,奥普电器(金桥店),SO2017042300031164,P17042312291598237651,F,2400.0,2400.0,2400.0,2400.0,0.0,1.0,0,0,0,0,上海金桥商场,付全款
27038,2017-04-23,0,0,利维亚(金桥店),SO2017042300031165,P17042313053220479653,F,5390.0,2690.0,2690.0,2690.0,0.0,1.0,0,0,0,0,上海金桥商场,付全款
27039,2017-04-23,0,0,3D床垫(金桥店),SO2017042300031166,P17042312402748013927,T,27280.0,27280.0,24552.0,24552.0,0.0,0.9,2728.0,0.0,0,品牌先折成交价后商场再降10%,上海金桥商场,付全款
27040,2017-04-23,0,0,3D床垫(金桥店),SO2017042300031167,P17042312412140798623,T,33920.0,33920.0,30528.0,30528.0,0.0,0.9,3392.0,0.0,0,品牌先折成交价后商场再降10%,上海金桥商场,付全款
27041,2017-04-23,0,0,3D床垫(金桥店),SO2017042300031168,P17042312434201734298,T,34000.0,34000.0,30600.0,30600.0,0.0,0.9,3400.0,0.0,0,品牌先折成交价后商场再降10%,上海金桥商场,付全款
27043,2017-04-23,0,0,3D床垫(金桥店),SO2017042300031170,P17042312460678342695,T,27280.0,27280.0,24552.0,24552.0,0.0,0.9,2728.0,0.0,0,品牌先折成交价后商场再降10%,上海金桥商场,付全款
27044,2017-04-23,0,0,迈阿密(金桥店),SO2017042300031171,P17042312351606195243,F,6400.0,6400.2,6400.0,6400.0,0.0,1.0,0,0,0,0,上海金桥商场,付全款
27045,2017-04-23,0,0,3D床垫(金桥店),SO2017042300031172,P17042312464754279618,T,34000.0,34000.0,30600.0,30600.0,0.0,0.9,3400.0,0.0,0,品牌先折成交价后商场再降10%,上海金桥商场,付全款
27048,2017-04-23,0,0,3D床垫(金桥店),SO2017042300031175,P17042312475113675498,T,33920.0,33920.0,30528.0,30528.0,0.0,0.9,3392.0,0.0,0,品牌先折成交价后商场再降10%,上海金桥商场,付全款
27049,2017-04-23,0,0,3D床垫(金桥店),SO2017042300031176,P17042312490608731462,T,28575.0,28575.0,25717.0,25717.0,1.0,0.9,2857.5,0.0,0,品牌先折成交价后商场再降10%,上海金桥商场,付全款
27050,2017-04-23,0,0,3D床垫(金桥店),SO2017042300031178,P17042312495773294016,T,62495.0,62495.0,56245.0,56245.0,1.0,0.9,6249.5,0.0,0,品牌先折成交价后商场再降10%,上海金桥商场,付全款
27051,2017-04-23,0,0,科度(金桥店),SO2017042300031188,P17042312445056291480,F,10993.0,10992.96,10992.96,10993.0,0.0,1.0,0,0,0,0,上海金桥商场,付全款
27054,2017-04-23,0,0,考拉木屋(浦江店),SO2017042300031195,P17042312453246298057,F,11000.0,11000.0,11000.0,11000.0,0.0,1.0,0,0,0,0,上海浦江商场,付全款
27055,2017-04-23,0,0,摩恩(浦江店),SO2017042300031196,P17042312443120745193,F,1668.0,1668.0,1650.0,1650.0,18.0,1.0,0,0,0,0,上海浦江商场,付全款
27056,2017-04-23,0,0,依思蒙沙(金桥店),SO2017042300031198,P17042312523446325981,F,7000.0,7000.0,7000.0,7000.0,0.0,1.0,0,0,0,0,上海金桥商场,付全款
27057,2017-04-23,0,0,班尔奇(吴中店),SO2017042300031199,P17042313022093827510,F,123066.0,123065.8,123000.0,123000.0,66.0,1.0,0,0,0,0,上海吴中路商场,付全款
27058,2017-04-23,0,0,丝涟(国产）(吴中店),SO2017042300031200,P17042313005943810259,F,7199.0,7199.0,7199.0,7199.0,0.0,1.0,0,0,0,0,上海吴中路商场,付全款
27060,2017-04-23,0,0,哥伦比尼(金桥店),SO2017042300031206,P17042313082859637401,F,6066.0,6066.36,6000.0,6000.0,66.0,1.0,0,0,0,0,上海金桥商场,付全款
27061,2017-04-23,0,0,经典系列(吴中店),SO2017042300031207,P17042313085691850647,F,3880.0,3880.0,3880.0,3880.0,0.0,1.0,0,0,0,0,上海吴中路商场,付全款
27063,2017-04-23,0,0,创开(金桥店),SO2017042300031211,P17042313231956879403,F,7572.0,7571.5,7564.0,7564.0,8.0,1.0,0,0,0,0,上海金桥商场,付全款
27064,2017-04-23,0,0,顾家家居全皮沙发系列(金桥店),SO2017042300031212,P17042313222154382170,F,17949.0,17949.0,17949.0,17949.0,0.0,1.0,0,0,0,0,上海金桥商场,付全款
27066,2017-04-23,0,0,myside(吴中店),SO2017042300031214,P17042313235210853426,F,48552.0,48552.0,48552.0,48552.0,0.0,1.0,0,0,0,0,上海吴中路商场,付全款
27068,2017-04-23,0,0,诺克(金桥店),SO2017042300031216,P17042313414528743019,F,132302.0,66151.2,66100.0,66100.0,51.0,1.0,0,0,0,0,上海金桥商场,付全款
27069,2017-04-23,0,0,迈阿密(金桥店),SO2017042300031217,P17042313414792417308,F,23000.0,23000.0,23000.0,23000.0,0.0,1.0,0,0,0,0,上海金桥商场,付全款
27070,2017-04-23,0,0,金禾(金桥店),SO2017042300031218,P17042313443220541698,T,23424.0,23424.0,21000.0,21000.0,82.0,0.9,2342.4,0.0,0,品牌先折成交价后商场再降10%,上海金桥商场,付全款
27071,2017-04-23,0,0,星星美墅(吴中店),SO2017042300031219,P17042313534276412380,F,8980.0,8980.0,8980.0,8980.0,0.0,1.0,0,0,0,0,上海吴中路商场,付全款
27072,2017-04-23,0,0,杰西卡沙发(金桥店),SO2017042300031220,P17042314043273169042,F,6000.0,6000.0,6000.0,6000.0,0.0,1.0,0,0,0,0,上海金桥商场,付全款
27073,2017-04-23,0,0,坚美(金桥店),SO2017042300031223,P17042314180708435792,T,44621.0,22310.4,20000.0,20000.0,79.0,0.9,2231.04,0.0,0,品牌先折成交价后商场再降10%,上海金桥商场,付全款
27074,2017-04-23,0,0,迈阿密(金桥店),SO2017042300031224,P17042314032413465982,F,65044.0,65044.0,65000.0,65000.0,44.0,1.0,0,0,0,0,上海金桥商场,付全款
27075,2017-04-23,0,0,开元(金桥店),SO2017042300031225,P17042314030137082596,F,85284.0,85284.0,85200.0,85200.0,84.0,1.0,0,0,0,0,上海金桥商场,付全款
27076,2017-04-23,0,0,拉迷(吴中店),SO2017042300031226,P17042314060963782049,F,32401.0,32401.14,32400.0,32400.0,1.0,1.0,0,0,0,0,上海吴中路商场,付全款
27077,2017-04-23,0,0,迈阿密(金桥店),SO2017042300031227,P17042314150919470236,F,11000.0,11000.0,11000.0,11000.0,0.0,1.0,0,0,0,0,上海金桥商场,付全款
27078,2017-04-23,0,0,琥珀系列(金桥店),SO2017042300031228,P17042314433205428761,F,27667.0,27667.0,27667.0,27667.0,0.0,1.0,0,0,0,0,上海金桥商场,付全款
27079,2017-04-23,0,0,柏逸轩(金桥店),SO2017042300031229,P17042314411089672310,F,35355.0,35355.0,35355.0,35355.0,0.0,1.0,0,0,0,0,上海金桥商场,付全款
27080,2017-04-23,0,0,十七英里(金桥店),SO2017042300031230,P17042314190374031586,F,9800.0,9800.0,9800.0,9800.0,0.0,1.0,0,0,0,0,上海金桥商场,付全款
27082,2017-04-23,0,0,LAIKLAB莱苛(浦江店),SO2017042300031232,P17042314265432856017,F,1800.0,1800.0,1800.0,1800.0,0.0,1.0,0,0,0,0,上海浦江商场,付全款
27083,2017-04-23,0,0,汀？西海岸(金桥店),SO2017042300031233,P17042314224321976834,F,5801.0,5800.6,5800.0,5800.0,1.0,1.0,0,0,0,0,上海金桥商场,付全款
27084,2017-04-23,0,0,金禾(金桥店),SO2017042300031234,P17042314331853186790,T,22300.0,22300.0,20000.0,20000.0,70.0,0.9,2230.0,0.0,0,品牌先折成交价后商场再降10%,上海金桥商场,付全款
27085,2017-04-23,0,0,金可儿(金桥店),SO2017042300031235,P17042314262564028159,F,20774.0,20774.0,20774.0,20774.0,0.0,1.0,0,0,0,0,上海金桥商场,付全款
27086,2017-04-23,0,0,金禾(金桥店),SO2017042300031236,P17042314343031560847,T,22400.0,22400.0,20100.0,20100.0,60.0,0.9,2240.0,0.0,0,品牌先折成交价后商场再降10%,上海金桥商场,付全款
27087,2017-04-23,0,0,布沙发系列(金桥店),SO2017042300031237,P17042314291602165879,T,17757.0,17757.2,15930.0,15930.0,51.0,0.9,1775.72,0.0,0,品牌先折成交价后商场再降10%,上海金桥商场,付全款
27088,2017-04-23,0,0,金禾(金桥店),SO2017042300031238,P17042314323065837401,T,22580.0,22580.0,20300.0,20300.0,22.0,0.9,2258.0,0.0,0,品牌先折成交价后商场再降10%,上海金桥商场,付全款
27089,2017-04-23,0,0,诗尼曼(金桥店),SO2017042300031239,P17042314295579138045,F,10000.0,10000.0,10000.0,10000.0,0.0,1.0,0,0,0,0,上海金桥商场,付全款
27090,2017-04-23,0,0,松果(金桥店),SO2017042300031240,P17042317042802591847,F,16000.0,16000.0,16000.0,16000.0,0.0,1.0,0,0,0,0,上海金桥商场,付全款
27091,2017-04-23,0,0,爱丽舍(金桥店),SO2017042300031241,P17042314353387234510,T,40590.0,40590.0,36490.0,36490.0,41.0,0.9,4059.0,0.0,0,品牌先折成交价后商场再降10%,上海金桥商场,付全款
27092,2017-04-23,0,0,日立(金桥店),SO2017042300031242,P17042314424813049257,F,17000.0,17000.0,17000.0,17000.0,0.0,1.0,0,0,0,0,上海金桥商场,付全款
27094,2017-04-23,0,0,华帝电器(金桥店),SO2017042300031244,P17042314473151827309,F,4599.0,4599.0,4599.0,4599.0,0.0,1.0,0,0,0,0,上海金桥商场,付全款
27095,2017-04-23,0,0,菲林格尔地板(金桥店),SO2017042300031245,P17042314513007314685,F,20034.0,20034.0,20000.0,20000.0,34.0,1.0,0,0,0,0,上海金桥商场,付全款
27096,2017-04-23,0,0,布沙发系列(浦江店),SO2017042300031246,P17042314511352791803,F,5039.0,5039.28,5000.0,5000.0,39.0,1.0,0,0,0,0,上海浦江商场,付全款
27097,2017-04-23,0,0,科勒卫浴(吴中店),SO2017042300031247,P17042314534840813526,F,25286.0,25286.0,25286.0,25286.0,0.0,1.0,0,0,0,0,上海吴中路商场,付全款
27098,2017-04-23,0,0,步阳(金桥店),SO2017042300031248,P17042315005719237685,F,3680.0,3680.0,3680.0,3680.0,0.0,1.0,0,0,0,0,上海金桥商场,付全款
27099,2017-04-23,0,0,爱丽舍(金桥店),SO2017042300031249,P17042315084348691230,T,22310.0,22310.0,20000.0,20000.0,79.0,0.9,2231.0,0.0,0,品牌先折成交价后商场再降10%,上海金桥商场,付全款
27100,2017-04-23,0,0,北欧阳光(金桥店),SO2017042300031250,P17042314574435067148,F,16494.0,16494.12,16490.0,16490.0,4.0,1.0,0,0,0,0,上海金桥商场,付全款
27101,2017-04-23,0,0,欧派移门衣柜(金桥店),SO2017042300031251,P17042315031119265837,F,11500.0,11500.33,11500.0,11500.0,0.0,1.0,0,0,0,0,上海金桥商场,付全款
27102,2017-04-23,0,0,爱丽舍(金桥店),SO2017042300031252,P17042315114540728519,T,24300.0,24300.0,21800.0,21800.0,70.0,0.9,2430.0,0.0,0,品牌先折成交价后商场再降10%,上海金桥商场,付全款
27103,2017-04-23,0,0,美典生活(吴中店),SO2017042300031253,P17042315114160459271,F,519000.0,519000.2,519000.2,519000.0,0.0,1.0,0,0,0,0,上海吴中路商场,付全款
27105,2017-04-23,0,0,品赫(金桥店),SO2017042300031255,P17042315132368231590,F,4290.0,4290.0,4290.0,4290.0,0.0,1.0,0,0,0,0,上海金桥商场,付全款
27106,2017-04-23,0,0,头等舱贵族(浦江商场),SO2017042300031256,P17042315124262517498,F,4200.0,4200.0,4200.0,3998.0,0.0,1.0,0,0,0,0,上海浦江商场,部分付款
27107,2017-04-23,0,0,丝涟(国产）(金桥店),SO2017042300031257,P17042315191879241630,F,25480.0,25480.0,25480.0,25480.0,0.0,1.0,0,0,0,0,上海金桥商场,付全款
27108,2017-04-23,0,0,洗依世家(浦江店),SO2017042300031258,P17042315341932846579,F,2200.0,2200.0,2200.0,2200.0,0.0,1.0,0,0,0,0,上海浦江商场,付全款
27109,2017-04-23,0,0,波比(吴中店),SO2017042300031259,P17042315281924078536,F,11200.0,5600.0,5600.0,5600.0,0.0,1.0,0,0,0,0,上海吴中路商场,付全款
27110,2017-04-23,0,0,席梦思(金桥店),SO2017042300031260,P17042315270562871439,F,8800.0,8800.0,8800.0,8800.0,0.0,1.0,0,0,0,0,上海金桥商场,付全款
27111,2017-04-23,0,0,卢森(金桥店),SO2017042300031261,P17042315253143876291,F,10159.0,10159.2,10140.0,10140.0,19.0,1.0,0,0,0,0,上海金桥商场,付全款
27113,2017-04-23,0,0,拉迷(浦江店),SO2017042300031263,P17042315285525734916,F,203.0,203.4,200.0,200.0,3.0,1.0,0,0,0,0,上海浦江商场,付全款
27114,2017-04-23,0,0,法迪奥(金桥店),SO2017042300031264,P17042316153059610438,T,25900.0,25900.0,23310.0,23310.0,0.0,0.9,2590.0,0.0,0,品牌先折成交价后商场再降10%,上海金桥商场,付全款
27115,2017-04-23,0,0,斯林百兰(吴中店),SO2017042300031265,P17042315325849013678,F,12176.0,12176.0,12176.0,12176.0,0.0,1.0,0,0,0,0,上海吴中路商场,付全款
27116,2017-04-23,0,0,法迪奥(金桥店),SO2017042300031266,P17042316164113879406,T,27120.0,27120.0,24408.0,24408.0,0.0,0.9,2712.0,0.0,0,品牌先折成交价后商场再降10%,上海金桥商场,付全款
27117,2017-04-23,0,0,法迪奥(金桥店),SO2017042300031267,P17042316174189432076,T,25530.0,25530.0,22917.0,22917.0,60.0,0.9,2553.0,0.0,0,品牌先折成交价后商场再降10%,上海金桥商场,付全款
27119,2017-04-23,0,0,法迪奥(金桥店),SO2017042300031269,P17042316094625468931,T,25160.0,25160.0,22617.0,22617.0,27.0,0.9,2516.0,0.0,0,品牌先折成交价后商场再降10%,上海金桥商场,付全款
27120,2017-04-23,0,0,创开(金桥店),SO2017042300031270,P17042315403176031259,F,3985.0,3985.0,3985.0,3985.0,0.0,1.0,0,0,0,0,上海金桥商场,付全款
27121,2017-04-23,0,0,美鹤和室榻榻米(浦江店),SO2017042300031271,P17042315412248693725,F,13050.0,13050.0,13000.0,13000.0,50.0,1.0,0,0,0,0,上海浦江商场,付全款
27123,2017-04-23,0,0,席梦思(金桥店),SO2017042300031274,P17042315455186570912,F,20500.0,20500.0,20500.0,20500.0,0.0,1.0,0,0,0,0,上海金桥商场,付全款
27124,2017-04-23,0,0,天语(金桥店),SO2017042300031275,P17042315490079430261,F,12014.0,12014.0,12014.0,12014.0,0.0,1.0,0,0,0,0,上海金桥商场,付全款
27125,2017-04-23,0,0,优莱斯雅(金桥店),SO2017042300031276,P17042315551015820964,F,6580.0,6580.0,6580.0,6580.0,0.0,1.0,0,0,0,0,上海金桥商场,付全款
27126,2017-04-23,0,0,布沙发系列(金桥店),SO2017042300031277,P17042315513481965230,T,24201.0,24201.0,21780.0,21780.0,1.0,0.9,2420.1,0.0,0,品牌先折成交价后商场再降10%,上海金桥商场,付全款
27127,2017-04-23,0,0,法迪奥(金桥店),SO2017042300031278,P17042316110498437126,T,25530.0,25530.0,22917.0,22917.0,60.0,0.9,2553.0,0.0,0,品牌先折成交价后商场再降10%,上海金桥商场,付全款
27128,2017-04-23,0,0,优莱斯雅(金桥店),SO2017042300031279,P17042315591109274368,F,4000.0,4000.0,4000.0,4000.0,0.0,1.0,0,0,0,0,上海金桥商场,付全款
27129,2017-04-23,0,0,法迪奥(金桥店),SO2017042300031280,P17042316064970251863,T,25900.0,25900.0,23310.0,23310.0,0.0,0.9,2590.0,0.0,0,品牌先折成交价后商场再降10%,上海金桥商场,付全款
27130,2017-04-23,0,0,布沙发系列(金桥店),SO2017042300031281,P17042316020925487639,T,23932.0,23932.1,21500.0,21500.0,39.0,0.9,2393.21,0.0,0,品牌先折成交价后商场再降10%,上海金桥商场,付全款
27135,2017-04-23,0,0,头等舱贵族(浦江商场),SO2017042300031289,P17042316020829318567,F,800.0,800.0,800.0,800.0,0.0,1.0,0,0,0,0,上海浦江商场,付全款
27136,2017-04-23,0,0,布沙发系列(金桥店),SO2017042300031290,P17042316265690853164,T,32789.0,32788.8,29500.0,29500.0,10.0,0.9,3278.88,0.0,0,品牌先折成交价后商场再降10%,上海金桥商场,付全款
27137,2017-04-23,0,0,头等舱贵族(金桥店),SO2017042300031291,P17042316083684350927,F,5980.0,5980.0,5980.0,5980.0,0.0,1.0,0,0,0,0,上海金桥商场,付全款
27139,2017-04-23,0,0,BennyCasa班尼之家(吴中店),SO2017042300031292,P17042316290094768203,F,26000.0,26000.0,26000.0,26000.0,0.0,1.0,0,0,0,0,上海吴中路商场,付全款
27140,2017-04-23,0,0,科勒卫浴(金桥店),SO2017042300031293,P17042316133523951607,T,5382.0,5382.0,4843.0,4843.0,1.0,0.9,538.2,0.0,0,品牌先折成交价后商场再降10%,上海金桥商场,付全款
27142,2017-04-23,0,0,汉斯格雅(金桥店),SO2017042300031295,P17042316185752746809,F,4330.0,4330.0,4330.0,4330.0,0.0,1.0,0,0,0,0,上海金桥商场,付全款
27143,2017-04-23,0,0,哥伦比尼(金桥店),SO2017042300031296,P17042316252875041268,F,14648.0,14648.0,14648.0,14648.0,0.0,1.0,0,0,0,0,上海金桥商场,付全款
27144,2017-04-23,0,0,科勒卫浴(金桥店),SO2017042300031297,P17042316233517038629,T,14665.0,14665.0,13198.0,13198.0,1.0,0.9,1466.5,0.0,0,品牌先折成交价后商场再降10%,上海金桥商场,付全款
27145,2017-04-23,0,0,考拉木屋(金桥店),SO2017042300031298,P17042317190067025189,F,176700.0,87900.0,87900.0,87900.0,0.0,1.0,0,0,0,0,上海金桥商场,付全款
27148,2017-04-23,0,0,坚美(金桥店),SO2017042300031301,P17042316294585310496,T,5561.0,5560.8,5000.0,5000.0,5.0,0.9,556.08,0.0,0,品牌先折成交价后商场再降10%,上海金桥商场,付全款
27152,2017-04-23,0,0,哥伦比尼(吴中店),SO2017042300031305,P17042316342275028361,F,9300.0,9300.0,9300.0,9300.0,0.0,1.0,0,0,0,0,上海吴中路商场,付全款
27153,2017-04-23,0,0,TOTO国产(金桥店),SO2017042300031306,P17042316341048376591,F,300.0,300.0,300.0,300.0,0.0,1.0,0,0,0,0,上海金桥商场,付全款
27155,2017-04-23,0,0,瑞孚纳(金桥店),SO2017042300031308,P17042316422605973486,F,8740.0,8740.0,8680.0,8680.0,60.0,1.0,0,0,0,0,上海金桥商场,付全款
27157,2017-04-23,0,0,博妮(金桥店),SO2017042300031310,P17042317031493674182,F,2500.0,2500.0,2500.0,2500.0,0.0,1.0,0,0,0,0,上海金桥商场,付全款
27158,2017-04-23,0,0,哥伦比尼(金桥店),SO2017042300031311,P17042316465884563902,F,2000.0,2000.0,2000.0,2000.0,0.0,1.0,0,0,0,0,上海金桥商场,付全款
27159,2017-04-23,0,0,欧普灯具(金桥店),SO2017042300031312,P17042316513964392175,F,100.0,100.0,100.0,100.0,0.0,1.0,0,0,0,0,上海金桥商场,付全款
27160,2017-04-23,0,0,北欧阳光(金桥店),SO2017042300031313,P17042316492782607435,F,11301.0,11300.81,11300.0,11300.0,1.0,1.0,0,0,0,0,上海金桥商场,付全款
27162,2017-04-23,0,0,菲斯曼暖通(浦江店),SO2017042300031315,P17042317022583569201,F,10150.0,10150.0,10150.0,10150.0,0.0,1.0,0,0,0,0,上海浦江商场,付全款
27163,2017-04-23,0,0,印象北美(金桥店),SO2017042300031316,P17042316543098426137,F,4000.0,4000.0,4000.0,4000.0,0.0,1.0,0,0,0,0,上海金桥商场,付全款
27164,2017-04-23,0,0,NATUZZI(吴中店),SO2017042300031317,P17042316540659761384,F,10000.0,10000.0,10000.0,10000.0,0.0,1.0,0,0,0,0,上海吴中路商场,付全款
27165,2017-04-23,0,0,博妮(金桥店),SO2017042300031318,P17042316555371920534,F,5620.0,5620.0,5600.0,5600.0,20.0,1.0,0,0,0,0,上海金桥商场,付全款
27167,2017-04-23,0,0,法迪奥(金桥店),SO2017042300031320,P17042317002353467219,T,119858.0,119858.4,107872.56,107873.0,0.0,0.9,11985.84,0.0,0,品牌先折成交价后商场再降10%,上海金桥商场,付全款
27172,2017-04-23,0,0,丝涟(国产）(金桥店),SO2017042300031325,P17042317161845789061,F,19999.0,19999.0,19999.0,19999.0,0.0,1.0,0,0,0,0,上海金桥商场,付全款
27173,2017-04-23,0,0,顾家家居全皮沙发系列(金桥店),SO2017042300031326,P17042317180034085629,F,3600.0,3600.0,3600.0,3600.0,0.0,1.0,0,0,0,0,上海金桥商场,付全款
27174,2017-04-23,0,0,能率热水器(浦江店),SO2017042300031327,P17042317200084731269,F,3400.0,3400.0,3400.0,3400.0,0.0,1.0,0,0,0,0,上海浦江商场,付全款
27175,2017-04-23,0,0,玛堡(金桥店),SO2017042300031328,P17042317203648052671,F,3353.0,3353.2,3349.85,3350.0,3.0,1.0,0,0,0,0,上海金桥商场,付全款
27176,2017-04-23,0,0,大自然软床床垫(金桥店),SO2017042300031329,P17042317215936418907,F,1750.0,1750.0,1750.0,1750.0,0.0,1.0,0,0,0,0,上海金桥商场,付全款
27178,2017-04-23,0,0,舒达·家(吴中店),SO2017042300031331,P17042317272286350947,F,12000.0,12000.0,12000.0,12000.0,0.0,1.0,0,0,0,0,上海吴中路商场,付全款
27179,2017-04-23,0,0,索菲亚移门衣柜(吴中店),SO2017042300031332,P17042317262739168257,F,100.0,100.0,100.0,100.0,0.0,1.0,0,0,0,0,上海吴中路商场,付全款
27180,2017-04-23,0,0,欧派移门衣柜(金桥店),SO2017042300031333,P17042317290498674031,F,18666.0,18666.0,18658.0,18658.0,8.0,1.0,0,0,0,0,上海金桥商场,付全款
27181,2017-04-23,0,0,盼盼安全门(浦江店),SO2017042300031334,P17042317341380537614,F,2400.0,2400.0,2400.0,2400.0,0.0,1.0,0,0,0,0,上海浦江商场,付全款
27182,2017-04-23,0,0,双山(金桥店),SO2017042300031335,P17042317314067351842,F,3700.0,3700.0,3700.0,3700.0,0.0,1.0,0,0,0,0,上海金桥商场,付全款
27183,2017-04-23,0,0,波比(金桥店),SO2017042300031336,P17042318031781925460,T,33333.0,33333.4,30000.0,30000.0,0.0,0.9,3333.34,0.0,0,品牌先折成交价后商场再降10%,上海金桥商场,付全款
27184,2017-04-23,0,0,索菲亚移门衣柜(吴中店),SO2017042300031337,P17042317465320975841,F,100.0,100.0,100.0,100.0,0.0,1.0,0,0,0,0,上海吴中路商场,付全款
27185,2017-04-23,0,0,杰西卡沙发(金桥店),SO2017042300031338,P17042317533695712304,F,4900.0,4900.0,4900.0,4900.0,0.0,1.0,0,0,0,0,上海金桥商场,付全款
27187,2017-04-23,0,0,哥伦比尼(金桥店),SO2017042300031340,P17042317582621396450,F,11509.0,11508.7,11500.0,11500.0,9.0,1.0,0,0,0,0,上海金桥商场,付全款
27188,2017-04-23,0,0,BBR(金桥店),SO2017042300031341,P17042318003497862135,F,2391.0,2391.0,2391.0,2391.0,0.0,1.0,0,0,0,0,上海金桥商场,付全款
27189,2017-04-23,0,0,M&D(吴中店),SO2017042300031342,P17042318074308523146,F,3580.0,3580.0,3580.0,3580.0,0.0,1.0,0,0,0,0,上海吴中路商场,付全款
27190,2017-04-23,0,0,格莱美(金桥店),SO2017042300031343,P17042318064825904763,F,31222.0,31222.4,31218.0,31218.0,4.0,1.0,0,0,0,0,上海金桥商场,付全款
27192,2017-04-23,0,0,大自然软床床垫(金桥店),SO2017042300031345,P17042318135010578346,F,8800.0,8800.0,8800.0,8800.0,0.0,1.0,0,0,0,0,上海金桥商场,付全款
27193,2017-04-23,0,0,意迪森(吴中店),SO2017042300031346,P17042318182841852937,F,4000.0,4000.0,4000.0,4000.0,0.0,1.0,0,0,0,0,上海吴中路商场,付全款
27194,2017-04-23,0,0,司米(金桥店),SO2017042300031347,P17042318212337820451,T,27800.0,27800.0,25000.0,25000.0,20.0,0.9,2780.0,0.0,0,品牌先折成交价后商场再降10%,上海金桥商场,付全款
27196,2017-04-23,0,0,汀？西海岸(金桥店),SO2017042300031349,P17042416520792706385,F,227680.0,75893.2,75832.0,50000.0,61.0,1.0,0,0,0,0,上海金桥商场,部分付款
27198,2017-04-23,0,0,头等舱贵族(金桥店),SO2017042300031351,P17042318255634687159,F,2999.0,2999.0,2999.0,2999.0,0.0,1.0,0,0,0,0,上海金桥商场,付全款
27202,2017-04-23,0,0,哥伦比尼(吴中店),SO2017042300031355,P17042319110378432651,F,1000.0,1000.0,1000.0,1000.0,0.0,1.0,0,0,0,0,上海吴中路商场,付全款
27219,2017-04-24,0,0,头等舱贵族(金桥店),SO2017042400031400,P17042410120936714509,F,7299.0,7299.0,7299.0,7299.0,0.0,1.0,0,0,0,0,上海金桥商场,付全款
27220,2017-04-24,0,0,星星(金桥店),SO2017042400031401,P17042410484749301875,F,4890.0,4890.0,4890.0,4890.0,0.0,1.0,0,0,0,0,上海金桥商场,付全款
27223,2017-04-24,0,0,楷模(浦江商场),SO2017042400031403,P17042411392617809325,F,12720.0,12720.0,12720.0,12720.0,0.0,1.0,0,0,0,0,上海浦江商场,付全款
27225,2017-04-24,0,0,WOODONE沃达王(吴中店),SO2017042400031405,P17042412171108531972,F,75078.0,75078.0,75000.0,75000.0,78.0,1.0,0,0,0,0,上海吴中路商场,付全款
27227,2017-04-24,0,0,玛润奇(金桥店),SO2017042400031407,P17042414131634586709,F,47600.0,47600.0,47600.0,47600.0,0.0,1.0,0,0,0,0,上海金桥商场,付全款
27228,2017-04-24,0,0,恩美特(金桥店),SO2017042400031408,P17042412173175163490,F,11645.0,11645.0,11638.0,11638.0,7.0,1.0,0,0,0,0,上海金桥商场,付全款
27229,2017-04-24,0,0,欧郡壹号(金桥店),SO2017042400031409,P17042412192883192476,F,6062.0,6062.4,6000.0,6000.0,62.0,1.0,0,0,0,0,上海金桥商场,付全款
27230,2017-04-24,0,0,科勒卫浴(金桥店),SO2017042400031410,P17042412154783645720,F,4260.0,4260.0,4260.0,4260.0,0.0,1.0,0,0,0,0,上海金桥商场,付全款
27233,2017-04-24,0,0,意多(吴中店),SO2017042400031413,P17042412515176089154,F,3500.0,3500.0,3500.0,3500.0,0.0,1.0,0,0,0,0,上海吴中路商场,付全款
27235,2017-04-24,0,0,雅诺斯(金桥店),SO2017042400031414,P17042515244615678240,F,29000.0,29000.0,29000.0,29000.0,0.0,1.0,0,0,0,0,上海金桥商场,付全款
27236,2017-04-24,0,0,美高印象(金桥店),SO2017042400031415,P17042413174565721438,F,35053.0,35053.2,35000.0,35000.0,53.0,1.0,0,0,0,0,上海金桥商场,付全款
27237,2017-04-24,0,0,头等舱贵族(浦江商场),SO2017042400031416,P17042413250468794103,F,5380.0,2690.0,2690.0,2000.0,0.0,1.0,0,0,0,0,上海浦江商场,部分付款
27238,2017-04-24,0,0,洗依世家(金桥店),SO2017042400031417,P17042413302145307218,F,3000.0,3000.0,3000.0,3000.0,0.0,1.0,0,0,0,0,上海金桥商场,付全款
27240,2017-04-24,0,0,科勒卫浴(金桥店),SO2017042400031419,P17042413254926059814,F,4577.0,4577.0,4577.0,4577.0,0.0,1.0,0,0,0,0,上海金桥商场,付全款
27241,2017-04-24,0,0,博士屋(金桥店),SO2017042400031420,P17042413291743918576,F,8000.0,8000.0,8000.0,8000.0,0.0,1.0,0,0,0,0,上海金桥商场,付全款
27244,2017-04-24,0,0,格林美墅(金桥店),SO2017042400031421,P17042414070495602831,F,29000.0,29000.0,29000.0,29000.0,0.0,1.0,0,0,0,0,上海金桥商场,付全款
27246,2017-04-24,0,0,头等舱贵族(浦江商场),SO2017042400031423,P17042413550014976352,F,25998.0,25998.0,25998.0,12999.0,0.0,1.0,0,0,0,0,上海浦江商场,部分付款
27247,2017-04-24,0,0,头等舱贵族(浦江商场),SO2017042400031424,P17042413560385367491,F,25998.0,25998.0,25998.0,12999.0,0.0,1.0,0,0,0,0,上海浦江商场,部分付款
27249,2017-04-24,0,0,法恩莎卫浴(金桥店),SO2017042400031425,P17042414102009453861,F,6279.0,6279.0,6279.0,6279.0,0.0,1.0,0,0,0,0,上海金桥商场,付全款
27251,2017-04-24,0,0,丝涟(国产）(金桥店),SO2017042400031426,P17042414373240698125,F,2825.0,2825.0,2825.0,2825.0,0.0,1.0,0,0,0,0,上海金桥商场,付全款
27252,2017-04-24,0,0,松木系列(金桥店),SO2017042400031427,P17042416025398714035,F,11000.0,11000.0,11000.0,11000.0,0.0,1.0,0,0,0,0,上海金桥商场,付全款
27253,2017-04-24,0,0,NATUZZI(吴中店),SO2017042400031428,P17042414520063945820,F,62960.0,30000.0,30000.0,30000.0,0.0,1.0,0,0,0,0,上海吴中路商场,付全款
27254,2017-04-24,0,0,摩恩(浦江店),SO2017042400031429,P17042414504316534207,F,3951.0,3951.0,3950.0,3950.0,1.0,1.0,0,0,0,0,上海浦江商场,付全款
27255,2017-04-24,0,0,NATUZZI(吴中店),SO2017042400031430,P17042414533556430978,F,2960.0,2960.0,2960.0,2960.0,0.0,1.0,0,0,0,0,上海吴中路商场,付全款
27256,2017-04-24,0,0,金莎丽(金桥店),SO2017042400031431,P17042415122736017984,F,5148.0,5148.0,5135.0,5135.0,13.0,1.0,0,0,0,0,上海金桥商场,付全款
27257,2017-04-24,0,0,汉斯格雅(金桥店),SO2017042400031432,P17042415141434728695,F,23788.0,23788.0,23788.0,23788.0,0.0,1.0,0,0,0,0,上海金桥商场,付全款
27258,2017-04-24,0,0,NATUZZI(吴中店),SO2017042400031433,P17042415141464297158,F,100700.0,100700.0,100700.0,100700.0,0.0,1.0,0,0,0,0,上海吴中路商场,付全款
27259,2017-04-24,0,0,爱舒(浦江商场),SO2017042400031434,P17042415205252780613,F,2640.0,2640.0,2600.0,1600.0,40.0,1.0,0,0,0,0,上海浦江商场,付全款
27259,2017-04-24,0,0,爱舒(浦江商场),SO2017042400031434,P17042415251775132689,F,2640.0,2640.0,2600.0,1000.0,40.0,1.0,0,0,0,0,上海浦江商场,付全款
27260,2017-04-24,0,0,创开(金桥店),SO2017042400031435,P17042415211307164285,F,3489.0,3488.67,3488.0,3488.0,1.0,1.0,0,0,0,0,上海金桥商场,付全款
27261,2017-04-24,0,0,希尔巴赫(吴中店),SO2017042400031436,P17042415471978920465,F,10000.0,10000.0,10000.0,10000.0,0.0,1.0,0,0,0,0,上海吴中路商场,付全款
27263,2017-04-24,0,0,德国维盾(金桥店),SO2017042400031438,P17042415311228705491,F,8070.0,8070.4,8000.0,8000.0,70.0,1.0,0,0,0,0,上海金桥商场,付全款
27264,2017-04-24,0,0,NATUZZI(吴中店),SO2017042400031439,P17042415331851732968,F,9730.0,9730.0,9730.0,9730.0,0.0,1.0,0,0,0,0,上海吴中路商场,付全款
27266,2017-04-24,0,0,旭格(吴中店),SO2017042400031441,P17042415394821750986,F,80037.0,80037.1,80000.0,80000.0,37.0,1.0,0,0,0,0,上海吴中路商场,付全款
27267,2017-04-24,0,0,希尔巴赫(吴中店),SO2017042400031442,P17042415461676498215,F,31567.0,31567.0,31567.0,31567.0,0.0,1.0,0,0,0,0,上海吴中路商场,付全款
27269,2017-04-24,0,0,绿叶(浦江店),SO2017042400031444,P17042416334650982671,F,1899.0,1899.0,1800.0,1800.0,99.0,1.0,0,0,0,0,上海浦江商场,付全款
27270,2017-04-24,0,0,米洛(吴中店),SO2017042400031445,P17042416153713897062,F,24300.0,8100.0,8100.0,4100.0,0.0,1.0,0,0,0,0,上海吴中路商场,部分付款
27271,2017-04-24,0,0,拉迷(金桥店),SO2017042400031446,P17042416391697642835,F,5764.0,5763.52,5760.0,5760.0,4.0,1.0,0,0,0,0,上海金桥商场,付全款
27272,2017-04-24,0,0,林内(浦江店),SO2017042400031447,P17042416350626589340,F,8100.0,8100.0,8100.0,8100.0,0.0,1.0,0,0,0,0,上海浦江商场,付全款
27273,2017-04-24,0,0,汀？西海岸(金桥店),SO2017042400031448,P17042416535851378490,F,10001.0,10001.0,10000.0,10000.0,1.0,1.0,0,0,0,0,上海金桥商场,付全款
27278,2017-04-24,0,0,AO史密斯热水器(金桥店),SO2017042400031453,P17042417343167082453,F,12275.0,12275.04,12264.0,12264.0,11.0,1.0,0,0,0,0,上海金桥商场,付全款
27280,2017-04-24,0,0,北欧阳光(金桥店),SO2017042400031455,P17042417554165102879,F,79576.0,79576.32,79576.32,79576.0,0.0,1.0,0,0,0,0,上海金桥商场,付全款
27281,2017-04-24,0,0,北欧艺家(吴中店),SO2017042400031456,P17042418073403486215,F,4080.0,4080.0,4000.0,4000.0,80.0,1.0,0,0,0,0,上海吴中路商场,付全款
27283,2017-04-24,0,0,RAYSONIC雷斯克(吴中店),SO2017042400031458,P17042419303804128396,F,2016.0,2016.0,2000.0,2000.0,16.0,1.0,0,0,0,0,上海吴中路商场,付全款
27285,2017-04-25,0,0,红苹果(金桥店),SO2017042500031461,P17042510281563582710,F,1000.0,1000.0,1000.0,1000.0,0.0,1.0,0,0,0,0,上海金桥商场,付全款
27287,2017-04-25,0,0,欧派橱柜(金桥店),SO2017042500031462,P17042511171717269840,F,68376.0,68376.36,68300.0,68300.0,76.0,1.0,0,0,0,0,上海金桥商场,付全款
27288,2017-04-25,0,0,阅梨(金桥店),SO2017042500031463,P17042511280776845013,F,63250.0,63250.0,63250.0,63250.0,0.0,1.0,0,0,0,0,上海金桥商场,付全款
27289,2017-04-25,0,0,柏厨(浦江店),SO2017042500031464,P17042511343450728619,F,17459.0,17459.05,17455.0,17455.0,4.0,1.0,0,0,0,0,上海浦江商场,付全款
27296,2017-04-25,0,0,全友定制衣柜(金桥店),SO2017042500031471,P17042512084580276413,F,45498.0,45498.0,45427.9,45428.0,70.0,1.0,0,0,0,0,上海金桥商场,付全款
27297,2017-04-25,0,0,大术乡村(金桥店),SO2017042500031472,P17042512144956031497,F,75296.0,75295.8,75295.8,75296.0,0.0,1.0,0,0,0,0,上海金桥商场,付全款
27299,2017-04-25,0,0,希尔巴赫(吴中店),SO2017042500031474,P17042512223303864957,F,1029.0,1029.0,1029.0,1029.0,0.0,1.0,0,0,0,0,上海吴中路商场,付全款
27300,2017-04-25,0,0,迈阿密(金桥店),SO2017042500031475,P17042512234182740561,F,20000.0,20000.0,20000.0,20000.0,0.0,1.0,0,0,0,0,上海金桥商场,付全款
27302,2017-04-25,0,0,箭牌卫浴(金桥店),SO2017042500031476,P17042512331737540612,F,7000.0,7000.0,7000.0,7000.0,0.0,1.0,0,0,0,0,上海金桥商场,付全款
27304,2017-04-25,0,0,金丰门类(浦江商场),SO2017042500031478,P17042512393331947026,F,40695.0,40694.5,40600.0,40600.0,95.0,1.0,0,0,0,0,上海浦江商场,付全款
27306,2017-04-25,0,0,唯煌(金桥店),SO2017042500031480,P17042512423452713469,F,4868.0,4868.0,4868.0,1460.0,0.0,1.0,0,0,0,0,上海金桥商场,部分付款
27307,2017-04-25,0,0,泰昌阳光(金桥店),SO2017042500031481,P17042512595574563128,F,1451.0,1451.4,1450.0,1450.0,1.0,1.0,0,0,0,0,上海金桥商场,付全款
27308,2017-04-25,0,0,双双飞(金桥店),SO2017042500031482,P17042512515219534026,F,2960.0,2960.0,2960.0,2960.0,0.0,1.0,0,0,0,0,上海金桥商场,付全款
27310,2017-04-25,0,0,双双飞(金桥店),SO2017042500031484,P17042512524568407913,F,3200.0,3200.0,3200.0,3200.0,0.0,1.0,0,0,0,0,上海金桥商场,付全款
27313,2017-04-25,0,0,路福床垫(吴中店),SO2017042500031487,P17042513145195820614,F,4100.0,4100.0,4100.0,4100.0,0.0,1.0,0,0,0,0,上海吴中路商场,付全款
27314,2017-04-25,0,0,路福床垫(吴中店),SO2017042500031488,P17042513154303942687,F,6500.0,6500.0,6500.0,6500.0,0.0,1.0,0,0,0,0,上海吴中路商场,付全款
27315,2017-04-25,0,0,奥普电器(金桥店),SO2017042500031489,P17042513534474986205,F,318.0,318.0,318.0,318.0,0.0,1.0,0,0,0,0,上海金桥商场,付全款
27316,2017-04-25,0,0,夏图Chateau d.Ax(吴中店),SO2017042500031490,P17042513302054281906,F,30000.0,30000.0,30000.0,30000.0,0.0,1.0,0,0,0,0,上海吴中路商场,付全款
27318,2017-04-25,0,0,波比(金桥店),SO2017042500031492,P17042513371053187042,F,14400.0,14400.0,14400.0,14400.0,0.0,1.0,0,0,0,0,上海金桥商场,付全款
27319,2017-04-25,0,0,樱花电器(金桥店),SO2017042500031493,P17042513412527093681,F,2712.0,2712.0,2712.0,2712.0,0.0,1.0,0,0,0,0,上海金桥商场,付全款
27321,2017-04-25,0,0,米洛(吴中店),SO2017042500031495,P17042513522912790856,F,14905.0,14905.0,14905.0,14905.0,0.0,1.0,0,0,0,0,上海吴中路商场,付全款
27325,2017-04-25,0,0,多乐士油漆涂料(金桥店),SO2017042500031498,P17042514074534658702,F,439.0,439.2,439.0,439.0,0.0,1.0,0,0,0,0,上海金桥商场,付全款
27327,2017-04-25,0,0,木品木(浦江商场),SO2017042500031500,P17042514230693782065,F,16000.0,16000.0,16000.0,16000.0,0.0,1.0,0,0,0,0,上海浦江商场,付全款
27329,2017-04-25,0,0,汉斯格雅(金桥店),SO2017042500031502,P17042514285763758901,F,5949.0,5949.0,5949.0,5949.0,0.0,1.0,0,0,0,0,上海金桥商场,付全款
27333,2017-04-25,0,0,顾家家居全皮沙发系列(金桥店),SO2017042500031505,P17042515140845937806,F,6055.0,6055.0,6055.0,6055.0,0.0,1.0,0,0,0,0,上海金桥商场,付全款
27334,2017-04-25,0,0,致尚(金桥店),SO2017042500031506,P17042515222291047836,F,24974.0,24974.4,24900.0,24900.0,74.0,1.0,0,0,0,0,上海金桥商场,付全款
27335,2017-04-25,0,0,AO史密斯热水器(金桥店),SO2017042500031507,P17042515272493746528,F,11238.0,11238.0,11188.0,11188.0,50.0,1.0,0,0,0,0,上海金桥商场,付全款
27336,2017-04-25,0,0,TOTO国产(金桥店),SO2017042500031508,P17042515281432904567,F,5798.0,5798.0,5798.0,5798.0,0.0,1.0,0,0,0,0,上海金桥商场,付全款
27337,2017-04-25,0,0,好易点(金桥店),SO2017042500031509,P17042515391520817436,F,3100.0,3100.0,3100.0,3100.0,0.0,1.0,0,0,0,0,上海金桥商场,付全款
27339,2017-04-25,0,0,雅玩堂(吴中店),SO2017042500031511,P17042516135059103462,F,3400.0,3400.0,3400.0,3400.0,0.0,1.0,0,0,0,0,上海吴中路商场,付全款
27340,2017-04-25,0,0,百合臻品(金桥店),SO2017042500031512,P17042516193936280497,F,10000.0,10000.0,10000.0,10000.0,0.0,1.0,0,0,0,0,上海金桥商场,付全款
27341,2017-04-25,0,0,旭格(吴中店),SO2017042500031513,P17042516272804569178,F,2814.0,2814.0,2800.0,2800.0,14.0,1.0,0,0,0,0,上海吴中路商场,付全款
27342,2017-04-25,0,0,贵人郎(浦江商场),SO2017042500031514,P17042516315812430867,F,1005.0,1005.04,1000.0,1000.0,5.0,1.0,0,0,0,0,上海浦江商场,付全款
27343,2017-04-25,0,0,立邦(浦江店),SO2017042500031515,P17042516360963492587,F,230.0,230.0,220.0,220.0,10.0,1.0,0,0,0,0,上海浦江商场,付全款
27344,2017-04-25,0,0,希尔巴赫(吴中店),SO2017042500031516,P17042516394771296430,F,9376.0,9376.0,9376.0,9376.0,0.0,1.0,0,0,0,0,上海吴中路商场,付全款
27345,2017-04-25,0,0,希尔巴赫(吴中店),SO2017042500031517,P17042516404058470912,F,624.0,624.0,624.0,624.0,0.0,1.0,0,0,0,0,上海吴中路商场,付全款
27346,2017-04-25,0,0,indes(吴中店),SO2017042500031518,P17042516441382415397,F,776.0,776.07,776.0,776.0,0.0,1.0,0,0,0,0,上海吴中路商场,付全款
27348,2017-04-25,0,0,箭牌卫浴(金桥店),SO2017042500031520,P17042516582753947062,F,1180.0,1180.0,1180.0,1180.0,0.0,1.0,0,0,0,0,上海金桥商场,付全款
27349,2017-04-25,0,0,香丽榭(浦江店),SO2017042500031521,P17042517013368425013,F,100.0,100.0,100.0,100.0,0.0,1.0,0,0,0,0,上海浦江商场,付全款
27350,2017-04-25,0,0,索菲亚移门衣柜(吴中店),SO2017042500031522,P17042517022953794610,F,200.0,200.0,200.0,200.0,0.0,1.0,0,0,0,0,上海吴中路商场,付全款
27352,2017-04-25,0,0,创开(金桥店),SO2017042500031524,P17042517375687524160,F,1004.0,1004.22,1000.0,1000.0,4.0,1.0,0,0,0,0,上海金桥商场,付全款
27353,2017-04-25,0,0,创开(金桥店),SO2017042500031525,P17042517395991038642,F,1004.0,1004.22,1000.0,1000.0,4.0,1.0,0,0,0,0,上海金桥商场,付全款
27354,2017-04-25,0,0,创开(金桥店),SO2017042500031526,P17042517413702381497,F,1004.0,1004.22,1000.0,1000.0,4.0,1.0,0,0,0,0,上海金桥商场,付全款
27355,2017-04-25,0,0,欧琳厨卫电器(金桥店),SO2017042500031527,P17042517294759704312,F,1300.0,1300.0,1300.0,1300.0,0.0,1.0,0,0,0,0,上海金桥商场,付全款
27356,2017-04-25,0,0,创开(金桥店),SO2017042500031528,P17042517430778491250,F,1004.0,1004.22,1000.0,1000.0,4.0,1.0,0,0,0,0,上海金桥商场,付全款
27358,2017-04-25,0,0,创开(金桥店),SO2017042500031530,P17042517442926485931,F,1004.0,1004.22,1000.0,1000.0,4.0,1.0,0,0,0,0,上海金桥商场,付全款
27359,2017-04-25,0,0,TOTO国产(金桥店),SO2017042500031531,P17042517344143861527,F,2035.0,2035.0,2035.0,2035.0,0.0,1.0,0,0,0,0,上海金桥商场,付全款
27360,2017-04-25,0,0,致尚(金桥店),SO2017042500031532,P17042517460467352841,F,18050.0,18049.68,18000.0,18000.0,50.0,1.0,0,0,0,0,上海金桥商场,付全款
27361,2017-04-25,0,0,RAYSONIC雷斯克(吴中店),SO2017042500031533,P17042517433752903417,F,2080.0,2080.0,2000.0,2000.0,80.0,1.0,0,0,0,0,上海吴中路商场,付全款
27381,2017-04-26,0,0,吉祥(浦江商场),SO2017042600031550,P17042610460535892106,F,2000.0,2000.0,2000.0,2000.0,0.0,1.0,0,0,0,0,上海浦江商场,付全款
27382,2017-04-26,0,0,TOTO国产(金桥店),SO2017042600031551,P17042610434571820945,F,650.0,650.0,650.0,650.0,0.0,1.0,0,0,0,0,上海金桥商场,付全款
27387,2017-04-26,0,0,致尚(金桥店),SO2017042600031554,P17042611000173842905,F,6400.0,6400.0,6350.0,6350.0,50.0,1.0,0,0,0,0,上海金桥商场,付全款
27389,2017-04-26,0,0,AS壁纸(金桥店),SO2017042600031556,P17042611360742853796,F,2125.0,2125.0,2088.0,2088.0,37.0,1.0,0,0,0,0,上海金桥商场,付全款
27390,2017-04-26,0,0,创开(金桥店),SO2017042600031557,P17042611563206923574,F,3876.0,3875.85,3868.0,3868.0,8.0,1.0,0,0,0,0,上海金桥商场,付全款
27391,2017-04-26,0,0,罗普斯金(浦江店),SO2017042600031558,P17042611571470695483,F,22853.0,22853.06,22819.0,22819.0,34.0,1.0,0,0,0,0,上海浦江商场,付全款
27393,2017-04-26,0,0,TOTO国产(金桥店),SO2017042600031559,P17042612100005768412,F,13320.0,13320.0,13320.0,13320.0,0.0,1.0,0,0,0,0,上海金桥商场,付全款
27394,2017-04-26,0,0,头等舱贵族(吴中店),SO2017042600031560,P17042612162964920513,F,7980.0,7980.4,7980.0,7980.0,0.0,1.0,0,0,0,0,上海吴中路商场,付全款
27395,2017-04-26,0,0,TOTO国产(金桥店),SO2017042600031561,P17042612351732154876,F,4800.0,4800.0,4800.0,4800.0,0.0,1.0,0,0,0,0,上海金桥商场,付全款
27399,2017-04-26,0,0,拉迷(金桥店),SO2017042600031564,P17042612455247852963,F,13612.0,13612.0,13600.0,13600.0,12.0,1.0,0,0,0,0,上海金桥商场,付全款
27400,2017-04-26,0,0,皮尔萨(金桥店),SO2017042600031565,P17042612493427315890,F,3390.0,3390.0,3321.0,3321.0,69.0,1.0,0,0,0,0,上海金桥商场,付全款
27404,2017-04-26,0,0,银晶洁具(金桥店),SO2017042600031569,P17042613042154783290,F,3750.0,3750.0,3750.0,3750.0,0.0,1.0,0,0,0,0,上海金桥商场,付全款
27406,2017-04-26,0,0,科生(浦江商场),SO2017042600031571,P17042613265382395047,F,10000.0,10000.0,10000.0,10000.0,0.0,1.0,0,0,0,0,上海浦江商场,付全款
27407,2017-04-26,0,0,亚斯王(金桥店),SO2017042600031572,P17042613040223675019,F,10030.0,10030.0,10000.0,10000.0,30.0,1.0,0,0,0,0,上海金桥商场,付全款
27408,2017-04-26,0,0,王力(金桥店),SO2017042600031573,P17042613130281276059,F,5614.0,5614.08,5600.08,5600.0,14.0,1.0,0,0,0,0,上海金桥商场,付全款
27409,2017-04-26,0,0,迈阿密(金桥店),SO2017042600031574,P17042613252137629418,F,2600.0,2600.0,2600.0,2600.0,0.0,1.0,0,0,0,0,上海金桥商场,付全款
27410,2017-04-26,0,0,科生(浦江商场),SO2017042600031575,P17042613322738942617,F,8800.0,8800.0,8800.0,8800.0,0.0,1.0,0,0,0,0,上海浦江商场,付全款
27412,2017-04-26,0,0,老板(金桥店),SO2017042600031576,P17042613450250147629,F,8300.0,8300.0,8300.0,8300.0,0.0,1.0,0,0,0,0,上海金桥商场,付全款
27413,2017-04-26,0,0,十七英里(金桥店),SO2017042600031577,P17042613572993418652,F,28554.0,28554.0,28554.0,28554.0,0.0,1.0,0,0,0,0,上海金桥商场,付全款
27414,2017-04-26,0,0,洗依世家(金桥店),SO2017042600031578,P17042614045946157283,F,1500.0,1500.0,1500.0,1500.0,0.0,1.0,0,0,0,0,上海金桥商场,付全款
27415,2017-04-26,0,0,米洛(吴中店),SO2017042600031579,P17042614040851347926,F,43362.0,43362.0,43362.0,43362.0,0.0,1.0,0,0,0,0,上海吴中路商场,付全款
27416,2017-04-26,0,0,洛克尼曼(金桥店),SO2017042600031580,P17042614480661059273,F,6051.0,6050.86,6000.0,6000.0,51.0,1.0,0,0,0,0,上海金桥商场,付全款
27417,2017-04-26,0,0,冠军(金桥店),SO2017042600031581,P17042614580016973580,F,24007.0,24007.44,24000.0,24000.0,7.0,1.0,0,0,0,0,上海金桥商场,付全款
27424,2017-04-26,0,0,玫瑰岛(金桥店),SO2017042600031604,P17042615483139586102,F,3587.0,3587.5,3520.0,3520.0,68.0,1.0,0,0,0,0,上海金桥商场,付全款
27425,2017-04-26,0,0,夏图Chateau d.Ax(吴中店),SO2017042600031605,P17042615553494850673,F,33904.0,33904.0,33904.0,33904.0,0.0,1.0,0,0,0,0,上海吴中路商场,付全款
27426,2017-04-26,0,0,金筑艺术玻璃(金桥店),SO2017042600031606,P17042616212008273146,F,2851.0,2851.2,2800.0,2800.0,51.0,1.0,0,0,0,0,上海金桥商场,付全款
27427,2017-04-26,0,0,蒙太奇(浦江店),SO2017042600031607,P17042616231579180362,F,50000.0,50000.0,50000.0,50000.0,0.0,1.0,0,0,0,0,上海浦江商场,付全款
27428,2017-04-26,0,0,头等舱贵族(浦江商场),SO2017042600031608,P17042616213475103948,F,7000.0,7000.0,6950.0,6950.0,50.0,1.0,0,0,0,0,上海浦江商场,付全款
27431,2017-04-26,0,0,AS壁纸(金桥店),SO2017042600031611,P17042617085845269183,F,1246.0,1246.0,1236.0,1236.0,10.0,1.0,0,0,0,0,上海金桥商场,付全款
27433,2017-04-26,0,0,WOODONE沃达王(吴中店),SO2017042600031613,P17042617222004275869,F,10738.0,10738.0,10639.0,10639.0,99.0,1.0,0,0,0,0,上海吴中路商场,付全款
27434,2017-04-26,0,0,伟业遮阳户外休闲用品(金桥店),SO2017042600031614,P17042617405550921483,F,30020.0,30020.0,30000.0,30000.0,20.0,1.0,0,0,0,0,上海金桥商场,付全款
27435,2017-04-26,0,0,RAYSONIC雷斯克(吴中店),SO2017042600031615,P17042617555803276498,F,2080.0,2080.0,2000.0,2000.0,80.0,1.0,0,0,0,0,上海吴中路商场,付全款
27436,2017-04-26,0,0,维维贝拉(吴中店),SO2017042600031616,P17042618260737268405,F,26310.0,26310.0,26310.0,26310.0,0.0,1.0,0,0,0,0,上海吴中路商场,付全款
27438,2017-04-26,0,0,艾库(吴中店),SO2017042600031618,P17042618474116053879,F,6832.0,6832.0,6800.0,6800.0,32.0,1.0,0,0,0,0,上海吴中路商场,付全款
